-- phpMyAdmin SQL Dump
-- version 4.5.4.1deb2ubuntu2
-- http://www.phpmyadmin.net
--
-- Host: localhost
-- Generation Time: Jun 15, 2017 at 04:41 PM
-- Server version: 5.7.18-0ubuntu0.16.04.1
-- PHP Version: 7.0.18-0ubuntu0.16.04.1

SET SQL_MODE = "NO_AUTO_VALUE_ON_ZERO";
SET time_zone = "+00:00";


/*!40101 SET @OLD_CHARACTER_SET_CLIENT=@@CHARACTER_SET_CLIENT */;
/*!40101 SET @OLD_CHARACTER_SET_RESULTS=@@CHARACTER_SET_RESULTS */;
/*!40101 SET @OLD_COLLATION_CONNECTION=@@COLLATION_CONNECTION */;
/*!40101 SET NAMES utf8mb4 */;

--
-- Database: `votingSystem`
--

-- --------------------------------------------------------

--
-- Table structure for table `admins`
--

CREATE TABLE `admins` (
  `id` varchar(100) NOT NULL,
  `name` text NOT NULL,
  `email` text NOT NULL,
  `password` varchar(100) NOT NULL
) ENGINE=InnoDB DEFAULT CHARSET=latin1;

--
-- Dumping data for table `admins`
--

INSERT INTO `admins` (`id`, `name`, `email`, `password`) VALUES
('1', 'admin', 'admin@uonbi.ac.ke', 'admin');

-- --------------------------------------------------------

--
-- Table structure for table `contestants`
--

CREATE TABLE `contestants` (
  `id` int(11) DEFAULT NULL,
  `contestantRegistrationNumber` int(11) DEFAULT NULL,
  `first_name` varchar(50) DEFAULT NULL,
  `second_name` varchar(50) DEFAULT NULL,
  `contestantEmail` varchar(50) DEFAULT NULL,
  `contestantCourse` int(11) DEFAULT NULL,
  `phone_number` int(11) DEFAULT NULL,
  `contestantPost` int(11) DEFAULT NULL
) ENGINE=InnoDB DEFAULT CHARSET=latin1;

--
-- Dumping data for table `contestants`
--

INSERT INTO `contestants` (`id`, `contestantRegistrationNumber`, `first_name`, `second_name`, `contestantEmail`, `contestantCourse`, `phone_number`, `contestantPost`) VALUES
(1, 486450, 'Shaine', 'Talman', 'Shaine@students.uonbi.ac.ke', 9, 722486450, 6),
(2, 695810, 'Wally', 'Esposi', 'Wally@students.uonbi.ac.ke', 13, 722695810, 5),
(3, 472042, 'Carter', 'Orrick', 'Carter@students.uonbi.ac.ke', 2, 722472042, 2),
(4, 561358, 'Jen', 'Flanner', 'Jen@students.uonbi.ac.ke', 25, 722561358, 7),
(5, 714660, 'Damian', 'Orable', 'Damian@students.uonbi.ac.ke', 34, 722714660, 1),
(6, 735832, 'Adriane', 'Luna', 'Adriane@students.uonbi.ac.ke', 28, 722735832, 6),
(7, 186663, 'Mable', 'Newart', 'Mable@students.uonbi.ac.ke', 20, 722186663, 6),
(8, 192914, 'Mordecai', 'Jean', 'Mordecai@students.uonbi.ac.ke', 18, 722192914, 5),
(9, 574635, 'Etta', 'Chawner', 'Etta@students.uonbi.ac.ke', 18, 722574635, 5),
(10, 638336, 'Sheree', 'Litel', 'Sheree@students.uonbi.ac.ke', 5, 722638336, 2),
(11, 688539, 'Arline', 'Julyan', 'Arline@students.uonbi.ac.ke', 21, 722688539, 1),
(12, 832989, 'Lodovico', 'Swanton', 'Lodovico@students.uonbi.ac.ke', 24, 722832989, 1),
(13, 937989, 'Michel', 'Reilly', 'Michel@students.uonbi.ac.ke', 18, 722937989, 8),
(14, 268572, 'Stefania', 'Scrowby', 'Stefania@students.uonbi.ac.ke', 15, 722268572, 5),
(15, 285653, 'Mattie', 'Webbe', 'Mattie@students.uonbi.ac.ke', 36, 722285653, 2),
(16, 827842, 'Wendeline', 'Mordin', 'Wendeline@students.uonbi.ac.ke', 6, 722827842, 1),
(17, 501972, 'Wilden', 'Cotterell', 'Wilden@students.uonbi.ac.ke', 16, 722501972, 2),
(18, 510856, 'Mickie', 'Vaughan-Hughes', 'Mickie@students.uonbi.ac.ke', 10, 722510856, 1),
(19, 458609, 'Ronny', 'Collicott', 'Ronny@students.uonbi.ac.ke', 29, 722458609, 7),
(20, 858081, 'Patrick', 'Amorine', 'Patrick@students.uonbi.ac.ke', 30, 722858081, 2),
(21, 708717, 'Sallee', 'Oller', 'Sallee@students.uonbi.ac.ke', 12, 722708717, 6),
(22, 256241, 'Glynn', 'Ricks', 'Glynn@students.uonbi.ac.ke', 24, 722256241, 7),
(23, 737432, 'Twyla', 'Ubsdall', 'Twyla@students.uonbi.ac.ke', 21, 722737432, 7),
(24, 846605, 'Roley', 'Rosenthal', 'Roley@students.uonbi.ac.ke', 23, 722846605, 1),
(25, 846206, 'Laraine', 'Creany', 'Laraine@students.uonbi.ac.ke', 18, 722846206, 4),
(26, 774121, 'Kendrick', 'Halladay', 'Kendrick@students.uonbi.ac.ke', 3, 722774121, 3),
(27, 583060, 'Jen', 'Balentyne', 'Jen@students.uonbi.ac.ke', 18, 722583060, 7),
(28, 433212, 'Myer', 'Po', 'Myer@students.uonbi.ac.ke', 34, 722433212, 1),
(29, 933144, 'Kimble', 'Noddings', 'Kimble@students.uonbi.ac.ke', 36, 722933144, 1),
(30, 174265, 'Caressa', 'Rieflin', 'Caressa@students.uonbi.ac.ke', 5, 722174265, 3),
(31, 154686, 'Andie', 'Gerrett', 'Andie@students.uonbi.ac.ke', 32, 722154686, 7),
(32, 774486, 'Vanya', 'Moller', 'Vanya@students.uonbi.ac.ke', 33, 722774486, 3),
(33, 214641, 'Magdalen', 'Daal', 'Magdalen@students.uonbi.ac.ke', 19, 722214641, 4),
(34, 531425, 'Giffy', 'Pollicote', 'Giffy@students.uonbi.ac.ke', 26, 722531425, 2),
(35, 262313, 'Britteny', 'Costellow', 'Britteny@students.uonbi.ac.ke', 31, 722262313, 7),
(36, 439944, 'Dotty', 'Antonacci', 'Dotty@students.uonbi.ac.ke', 21, 722439944, 5),
(37, 282864, 'Marlene', 'Penketh', 'Marlene@students.uonbi.ac.ke', 10, 722282864, 8),
(38, 910209, 'Harrie', 'Kerford', 'Harrie@students.uonbi.ac.ke', 11, 722910209, 3),
(39, 864089, 'Gino', 'McKerron', 'Gino@students.uonbi.ac.ke', 21, 722864089, 1),
(40, 919417, 'Agnella', 'Hurkett', 'Agnella@students.uonbi.ac.ke', 12, 722919417, 5),
(41, 327357, 'Celine', 'Casaroli', 'Celine@students.uonbi.ac.ke', 7, 722327357, 3),
(42, 978211, 'Slade', 'Winterflood', 'Slade@students.uonbi.ac.ke', 29, 722978211, 1),
(43, 409146, 'Forest', 'Gethen', 'Forest@students.uonbi.ac.ke', 35, 722409146, 1),
(44, 706455, 'Ezmeralda', 'Farington', 'Ezmeralda@students.uonbi.ac.ke', 6, 722706455, 7),
(45, 305972, 'Rosalynd', 'Dussy', 'Rosalynd@students.uonbi.ac.ke', 35, 722305972, 8),
(46, 394973, 'Janella', 'Mattersey', 'Janella@students.uonbi.ac.ke', 24, 722394973, 2),
(47, 998817, 'Tina', 'Vossgen', 'Tina@students.uonbi.ac.ke', 27, 722998817, 8),
(48, 700902, 'Clayborn', 'Mainds', 'Clayborn@students.uonbi.ac.ke', 36, 722700902, 7),
(49, 373184, 'Eleanor', 'Jankovic', 'Eleanor@students.uonbi.ac.ke', 12, 722373184, 5),
(50, 271453, 'Enoch', 'Hocking', 'Enoch@students.uonbi.ac.ke', 27, 722271453, 6),
(NULL, 1234567, 'Jane', 'Wangui', 'wangui@gmail.com', NULL, 721239474, 1),
(NULL, 1234567, 'Jane', 'Wangui', 'wangui@gmail.com', NULL, 721239474, 1);

-- --------------------------------------------------------

--
-- Table structure for table `courses`
--

CREATE TABLE `courses` (
  `course_code` int(100) NOT NULL,
  `course_title` varchar(100) NOT NULL
) ENGINE=InnoDB DEFAULT CHARSET=latin1;

--
-- Dumping data for table `courses`
--

INSERT INTO `courses` (`course_code`, `course_title`) VALUES
(1, 'Computer Science'),
(2, 'Industrial Chemistry'),
(3, 'Analytical Chemistry'),
(4, 'Geology'),
(5, 'Environmental GeoScience'),
(6, 'Meteorology'),
(7, 'Microprocessor Technology and Instrumentation'),
(8, 'Astronomy and Astrophysics'),
(9, 'Atmospheric Science'),
(10, 'Food Science And Technology'),
(11, 'Wildlife Management And Conservation'),
(12, 'Acturial science'),
(13, 'Mathematics'),
(14, 'Statistics'),
(15, 'Economics'),
(16, 'Economics and Statistics'),
(17, 'Laws'),
(18, 'Archaeology'),
(19, 'Arts in Social Work'),
(20, 'Psychology(Counselling)'),
(21, 'Arts in Political Science'),
(22, 'Arts in Public Administration'),
(23, 'Arts in History'),
(24, 'Arts in Conflict & Peace Studies'),
(25, 'Arts in Tourism'),
(26, 'Electrical Engineering'),
(27, 'Civil Engineering'),
(28, 'Mechanical Engineering'),
(29, 'Geospatial Engineering'),
(30, 'Environmental and Biosystems Engineering'),
(31, 'Arts in Design'),
(32, 'Architecture/Architectural Studies'),
(33, 'Arts in Urban and Regional Plannning'),
(34, 'Construction Management'),
(35, 'Quantity Surveying'),
(36, 'Real Estate');

-- --------------------------------------------------------

--
-- Table structure for table `messages`
--

CREATE TABLE `messages` (
  `sender_id` int(200) NOT NULL,
  `message` text NOT NULL,
  `reply` int(200) NOT NULL DEFAULT '0'
) ENGINE=InnoDB DEFAULT CHARSET=latin1;

--
-- Dumping data for table `messages`
--

INSERT INTO `messages` (`sender_id`, `message`, `reply`) VALUES
(123456, '', 0),
(123456, 'Hello admin\r\n\r\n', 0);

-- --------------------------------------------------------

--
-- Table structure for table `registeredStudents`
--

CREATE TABLE `registeredStudents` (
  `id` int(100) NOT NULL,
  `studentRegistration` varchar(1000) NOT NULL,
  `first_name` text NOT NULL,
  `second_name` text NOT NULL,
  `studentEmail` varchar(1000) NOT NULL,
  `phone_number` int(100) NOT NULL DEFAULT '713833769',
  `studentPassword` varchar(100) DEFAULT NULL,
  `voteStatus` int(11) DEFAULT NULL
) ENGINE=InnoDB DEFAULT CHARSET=latin1;

--
-- Dumping data for table `registeredStudents`
--

INSERT INTO `registeredStudents` (`id`, `studentRegistration`, `first_name`, `second_name`, `studentEmail`, `phone_number`, `studentPassword`, `voteStatus`) VALUES
(1, '123456', 'Lewis', 'Munyi', 'Lewis@students.uonbi.ac.ke', 713833769, '2017', 1),
(2, '59517', 'Sharla', 'Macieiczyk', 'Sharla@students.uonbi.ac.ke', 713833769, '9281', 1),
(3, '73849', 'Traci', 'Hannabus', 'Traci@students.uonbi.ac.ke', 713833769, '8727', 1),
(4, '62702', 'Ariella', 'Ever', 'Ariella@students.uonbi.ac.ke', 713833769, '8628', 1),
(5, '64752', 'Ginger', 'Pawley', 'Ginger@students.uonbi.ac.ke', 713833769, '5509', 1),
(6, '63414', 'Othello', 'Rickhuss', 'Othello@students.uonbi.ac.ke', 713833769, '3839', 1),
(7, '99609', 'Miran', 'Le Prevost', 'Miran@students.uonbi.ac.ke', 713833769, '5839', 1),
(8, '27190', 'Harrison', 'Nassy', 'Harrison@students.uonbi.ac.ke', 713833769, '8071', 1),
(9, '13414', 'Ardath', 'Reeveley', 'Ardath@students.uonbi.ac.ke', 713833769, '6027', 1),
(10, '70976', 'Chrotoem', 'Hallaways', 'Chrotoem@students.uonbi.ac.ke', 713833769, '6516', 1),
(11, '85320', 'Rozalie', 'Gregoratti', 'Rozalie@students.uonbi.ac.ke', 713833769, '3583', NULL),
(12, '22375', 'Conni', 'Sarten', 'Conni@students.uonbi.ac.ke', 713833769, '9563', NULL),
(13, '65350', 'Jocelyne', 'Barnaby', 'Jocelyne@students.uonbi.ac.ke', 713833769, '7304', NULL),
(14, '34554', 'Elia', 'Blazy', 'Elia@students.uonbi.ac.ke', 713833769, '4855', NULL),
(15, '59261', 'Obie', 'Calverley', 'Obie@students.uonbi.ac.ke', 713833769, '7642', NULL),
(16, '29321', 'Kyrstin', 'Stavers', 'Kyrstin@students.uonbi.ac.ke', 713833769, '9012', NULL),
(17, '82366', 'Clarice', 'Silman', 'Clarice@students.uonbi.ac.ke', 713833769, '7398', NULL),
(18, '28300', 'Ignacio', 'McCrow', 'Ignacio@students.uonbi.ac.ke', 713833769, '5482', NULL),
(19, '73174', 'Chaddie', 'Greenman', 'Chaddie@students.uonbi.ac.ke', 713833769, '6302', NULL),
(20, '20683', 'Karlyn', 'Rubinowitch', 'Karlyn@students.uonbi.ac.ke', 713833769, '7258', NULL),
(21, '35096', 'Carlie', 'Dechelle', 'Carlie@students.uonbi.ac.ke', 713833769, '5234', NULL),
(22, '50664', 'Alexine', 'Jantzen', 'Alexine@students.uonbi.ac.ke', 713833769, '3211', NULL),
(23, '65865', 'Vachel', 'Rosoman', 'Vachel@students.uonbi.ac.ke', 713833769, '9035', NULL),
(24, '53967', 'Sidoney', 'Cuardall', 'Sidoney@students.uonbi.ac.ke', 713833769, '8487', 1),
(25, '78410', 'Ken', 'Kick', 'Ken@students.uonbi.ac.ke', 713833769, '4413', 1),
(26, '99156', 'Barny', 'Toffanini', 'Barny@students.uonbi.ac.ke', 713833769, '9191', NULL),
(27, '12655', 'Cassy', 'Scholz', 'Cassy@students.uonbi.ac.ke', 713833769, '9513', NULL),
(28, '53740', 'Kip', 'Callcott', 'Kip@students.uonbi.ac.ke', 713833769, '7661', NULL),
(29, '53541', 'Dick', 'Gillyatt', 'Dick@students.uonbi.ac.ke', 713833769, '3489', NULL),
(30, '11212', 'Ilsa', 'Eivers', 'Ilsa@students.uonbi.ac.ke', 713833769, '8752', NULL),
(31, '77201', 'Justinian', 'Libbie', 'Justinian@students.uonbi.ac.ke', 713833769, '7252', NULL),
(32, '82615', 'Shayne', 'Waddy', 'Shayne@students.uonbi.ac.ke', 713833769, '5818', NULL),
(33, '13619', 'Jerad', 'Clewarth', 'Jerad@students.uonbi.ac.ke', 713833769, '4454', NULL),
(34, '62714', 'Patrizius', 'Innis', 'Patrizius@students.uonbi.ac.ke', 713833769, '5014', NULL),
(35, '95599', 'Naoma', 'Dunnan', 'Naoma@students.uonbi.ac.ke', 713833769, '9425', NULL),
(36, '60643', 'Foster', 'Cockburn', 'Foster@students.uonbi.ac.ke', 713833769, '3741', NULL),
(37, '26783', 'Lezlie', 'De Gowe', 'Lezlie@students.uonbi.ac.ke', 713833769, '5826', NULL),
(38, '85784', 'Violet', 'Pearson', 'Violet@students.uonbi.ac.ke', 713833769, '4982', NULL),
(39, '65420', 'Shirline', 'Spick', 'Shirline@students.uonbi.ac.ke', 713833769, '7238', NULL),
(40, '50803', 'Alika', 'Duffet', 'Alika@students.uonbi.ac.ke', 713833769, '6361', NULL),
(41, '22893', 'Monroe', 'Harbert', 'Monroe@students.uonbi.ac.ke', 713833769, '3723', NULL),
(42, '81014', 'Nataniel', 'Drennan', 'Nataniel@students.uonbi.ac.ke', 713833769, '5415', NULL),
(43, '35164', 'Patrice', 'Pearle', 'Patrice@students.uonbi.ac.ke', 713833769, '4617', NULL),
(44, '80378', 'Samara', 'Bahde', 'Samara@students.uonbi.ac.ke', 713833769, '7100', NULL),
(45, '45458', 'Kaja', 'Humphery', 'Kaja@students.uonbi.ac.ke', 713833769, '4552', NULL),
(46, '70052', 'Goldi', 'Le Grove', 'Goldi@students.uonbi.ac.ke', 713833769, '9455', NULL),
(47, '24906', 'Randa', 'Bessett', 'Randa@students.uonbi.ac.ke', 713833769, '6846', NULL),
(48, '80869', 'Judah', 'Boldock', 'Judah@students.uonbi.ac.ke', 713833769, '4487', NULL),
(49, '98638', 'Harriot', 'Snaddin', 'Harriot@students.uonbi.ac.ke', 713833769, '7083', NULL),
(50, '57851', 'Sigfried', 'Ciccetti', 'Sigfried@students.uonbi.ac.ke', 713833769, '7422', NULL),
(51, '45011', 'Vick', 'Starmer', 'Vick@students.uonbi.ac.ke', 713833769, '3589', NULL),
(52, '97586', 'Abram', 'July', 'Abram@students.uonbi.ac.ke', 713833769, '7542', NULL),
(53, '24647', 'Maggee', 'Marrian', 'Maggee@students.uonbi.ac.ke', 713833769, '8764', NULL),
(54, '23104', 'Ailene', 'Roumier', 'Ailene@students.uonbi.ac.ke', 713833769, '6727', NULL),
(55, '22186', 'Jasmina', 'Abbott', 'Jasmina@students.uonbi.ac.ke', 713833769, '5174', NULL),
(56, '66684', 'Alfredo', 'Padefield', 'Alfredo@students.uonbi.ac.ke', 713833769, '5594', NULL),
(57, '79196', 'Verge', 'Hutfield', 'Verge@students.uonbi.ac.ke', 713833769, '4321', NULL),
(58, '92815', 'Maddy', 'Messier,', 'Maddy@students.uonbi.ac.ke', 713833769, '6078', NULL),
(59, '82148', 'Sara-ann', 'Keysel', 'Sara-ann@students.uonbi.ac.ke', 713833769, '9198', NULL),
(60, '65709', 'Brena', 'Peedell', 'Brena@students.uonbi.ac.ke', 713833769, '9583', NULL),
(61, '42700', 'Walt', 'Grzeskowski', 'Walt@students.uonbi.ac.ke', 713833769, '4933', NULL),
(62, '55769', 'Zulema', 'Pattlel', 'Zulema@students.uonbi.ac.ke', 713833769, '9596', NULL),
(63, '68323', 'Brok', 'Daoust', 'Brok@students.uonbi.ac.ke', 713833769, '9366', NULL),
(64, '62372', 'Engelbert', 'Goranov', 'Engelbert@students.uonbi.ac.ke', 713833769, '8213', NULL),
(65, '78744', 'Jaye', 'Deamer', 'Jaye@students.uonbi.ac.ke', 713833769, '4288', NULL),
(66, '80119', 'Amie', 'Breadon', 'Amie@students.uonbi.ac.ke', 713833769, '5646', NULL),
(67, '82543', 'Mendie', 'Dyneley', 'Mendie@students.uonbi.ac.ke', 713833769, '6593', NULL),
(68, '18989', 'Shell', 'Banford', 'Shell@students.uonbi.ac.ke', 713833769, '7359', NULL),
(69, '34455', 'Catarina', 'Marner', 'Catarina@students.uonbi.ac.ke', 713833769, '4327', NULL),
(70, '69972', 'Luisa', 'Brimblecomb', 'Luisa@students.uonbi.ac.ke', 713833769, '4181', NULL),
(71, '55315', 'Antons', 'MacGuffie', 'Antons@students.uonbi.ac.ke', 713833769, '3676', NULL),
(72, '93974', 'Lanita', 'Joynson', 'Lanita@students.uonbi.ac.ke', 713833769, '5929', NULL),
(73, '95756', 'Laurette', 'Bauchop', 'Laurette@students.uonbi.ac.ke', 713833769, '7475', NULL),
(74, '19690', 'Jordana', 'Trineman', 'Jordana@students.uonbi.ac.ke', 713833769, '6899', NULL),
(75, '43163', 'Persis', 'Scorton', 'Persis@students.uonbi.ac.ke', 713833769, '8112', NULL),
(76, '61924', 'Ainslee', 'McConnal', 'Ainslee@students.uonbi.ac.ke', 713833769, '9835', NULL),
(77, '99621', 'Alla', 'Head', 'Alla@students.uonbi.ac.ke', 713833769, '9714', NULL),
(78, '81842', 'Marleah', 'Gude', 'Marleah@students.uonbi.ac.ke', 713833769, '8665', NULL),
(79, '96761', 'Eddi', 'Hrynczyk', 'Eddi@students.uonbi.ac.ke', 713833769, '4473', NULL),
(80, '69518', 'Andros', 'McGarahan', 'Andros@students.uonbi.ac.ke', 713833769, '4421', NULL),
(81, '65516', 'Rafaello', 'Gisbourn', 'Rafaello@students.uonbi.ac.ke', 713833769, '5426', NULL),
(82, '13929', 'Yolande', 'Calwell', 'Yolande@students.uonbi.ac.ke', 713833769, '7980', NULL),
(83, '78065', 'Colby', 'Bonnor', 'Colby@students.uonbi.ac.ke', 713833769, '9814', NULL),
(84, '95926', 'Gnni', 'Muldoon', 'Gnni@students.uonbi.ac.ke', 713833769, '3971', NULL),
(85, '71550', 'Raff', 'Sheircliffe', 'Raff@students.uonbi.ac.ke', 713833769, '3180', NULL),
(86, '76396', 'Dennie', 'McParland', 'Dennie@students.uonbi.ac.ke', 713833769, '7561', NULL),
(87, '82709', 'Drona', 'Torregiani', 'Drona@students.uonbi.ac.ke', 713833769, '8862', NULL),
(88, '16247', 'Latrena', 'Kobierski', 'Latrena@students.uonbi.ac.ke', 713833769, '4377', NULL),
(89, '93288', 'Paton', 'Baylie', 'Paton@students.uonbi.ac.ke', 713833769, '7171', NULL),
(90, '46544', 'Creight', 'Mordue', 'Creight@students.uonbi.ac.ke', 713833769, '5790', NULL),
(91, '89706', 'Kippie', 'Pittoli', 'Kippie@students.uonbi.ac.ke', 713833769, '3379', NULL),
(92, '63381', 'Marc', 'Plunkett', 'Marc@students.uonbi.ac.ke', 713833769, '8256', NULL),
(93, '17708', 'Nicolas', 'Swinyard', 'Nicolas@students.uonbi.ac.ke', 713833769, '3378', NULL),
(94, '65586', 'Nissa', 'Surby', 'Nissa@students.uonbi.ac.ke', 713833769, '3660', NULL),
(95, '79172', 'Lemuel', 'Langtry', 'Lemuel@students.uonbi.ac.ke', 713833769, '7951', NULL),
(96, '55830', 'Selena', 'Weald', 'Selena@students.uonbi.ac.ke', 713833769, '6257', NULL),
(97, '57409', 'Steven', 'Lineker', 'Steven@students.uonbi.ac.ke', 713833769, '4638', NULL),
(98, '95500', 'Aeriell', 'Tripony', 'Aeriell@students.uonbi.ac.ke', 713833769, '5376', NULL),
(99, '39848', 'Jacquelynn', 'Nadin', 'Jacquelynn@students.uonbi.ac.ke', 713833769, '8315', NULL),
(100, '36408', 'Malachi', 'Clere', 'Malachi@students.uonbi.ac.ke', 713833769, '4152', NULL),
(101, '37015', 'Michel', 'Huyton', 'Michel@students.uonbi.ac.ke', 713833769, '9873', NULL),
(102, '44239', 'Antonio', 'Peart', 'Antonio@students.uonbi.ac.ke', 713833769, '5463', NULL),
(103, '93311', 'Dietrich', 'Knight', 'Dietrich@students.uonbi.ac.ke', 713833769, '9553', NULL),
(104, '25256', 'Ted', 'Malloch', 'Ted@students.uonbi.ac.ke', 713833769, '3727', NULL),
(105, '54309', 'Jacquie', 'Ody', 'Jacquie@students.uonbi.ac.ke', 713833769, '9377', NULL),
(106, '83867', 'Carol', 'Cissell', 'Carol@students.uonbi.ac.ke', 713833769, '4830', NULL),
(107, '59662', 'Jewel', 'Radcliffe', 'Jewel@students.uonbi.ac.ke', 713833769, '7094', NULL),
(108, '79217', 'Cointon', 'Filmer', 'Cointon@students.uonbi.ac.ke', 713833769, '8972', NULL),
(109, '54609', 'Jarret', 'Kempson', 'Jarret@students.uonbi.ac.ke', 713833769, '3907', NULL),
(110, '82755', 'Ernesto', 'De Gregorio', 'Ernesto@students.uonbi.ac.ke', 713833769, '8919', NULL),
(111, '90251', 'Ramonda', 'Raggett', 'Ramonda@students.uonbi.ac.ke', 713833769, '8997', NULL),
(112, '73137', 'Parker', 'Hens', 'Parker@students.uonbi.ac.ke', 713833769, '6808', NULL),
(113, '17381', 'Julio', 'Fulham', 'Julio@students.uonbi.ac.ke', 713833769, '4420', NULL),
(114, '13624', 'Nikki', 'Roadknight', 'Nikki@students.uonbi.ac.ke', 713833769, '6029', NULL),
(115, '36934', 'Glory', 'Iacovuzzi', 'Glory@students.uonbi.ac.ke', 713833769, '5344', NULL),
(116, '44219', 'Lacee', 'Stedall', 'Lacee@students.uonbi.ac.ke', 713833769, '8828', NULL),
(117, '10120', 'Alta', 'Brigstock', 'Alta@students.uonbi.ac.ke', 713833769, '5495', NULL),
(118, '80753', 'Chrystal', 'Brazenor', 'Chrystal@students.uonbi.ac.ke', 713833769, '6371', NULL),
(119, '44740', 'Marketa', 'Philcott', 'Marketa@students.uonbi.ac.ke', 713833769, '5084', NULL),
(120, '41206', 'Karrie', 'Grinsted', 'Karrie@students.uonbi.ac.ke', 713833769, '5963', NULL),
(121, '92738', 'Nita', 'Click', 'Nita@students.uonbi.ac.ke', 713833769, '9526', NULL),
(122, '35893', 'Lesly', 'Santarelli', 'Lesly@students.uonbi.ac.ke', 713833769, '5421', NULL),
(123, '37765', 'Roxanna', 'Novis', 'Roxanna@students.uonbi.ac.ke', 713833769, '8182', NULL),
(124, '88860', 'Ax', 'Duffin', 'Ax@students.uonbi.ac.ke', 713833769, '3079', NULL),
(125, '96862', 'Kalli', 'Erangy', 'Kalli@students.uonbi.ac.ke', 713833769, '4119', NULL),
(126, '45124', 'Sterne', 'Scalera', 'Sterne@students.uonbi.ac.ke', 713833769, '7290', NULL),
(127, '10556', 'Skippy', 'Gillingwater', 'Skippy@students.uonbi.ac.ke', 713833769, '6613', NULL),
(128, '86119', 'Kearney', 'Ruxton', 'Kearney@students.uonbi.ac.ke', 713833769, '5339', NULL),
(129, '15360', 'Corrina', 'MacFadzean', 'Corrina@students.uonbi.ac.ke', 713833769, '7035', NULL),
(130, '39069', 'Arabela', 'Picker', 'Arabela@students.uonbi.ac.ke', 713833769, '8778', NULL),
(131, '76054', 'Linus', 'Marcombe', 'Linus@students.uonbi.ac.ke', 713833769, '7435', NULL),
(132, '91253', 'Orella', 'Brimley', 'Orella@students.uonbi.ac.ke', 713833769, '4448', NULL),
(133, '26602', 'Austen', 'Cardero', 'Austen@students.uonbi.ac.ke', 713833769, '6634', NULL),
(134, '55250', 'Rory', 'Hourihane', 'Rory@students.uonbi.ac.ke', 713833769, '5586', NULL),
(135, '52799', 'Susan', 'Dresser', 'Susan@students.uonbi.ac.ke', 713833769, '6519', NULL),
(136, '23078', 'Isabelle', 'Devote', 'Isabelle@students.uonbi.ac.ke', 713833769, '4506', NULL),
(137, '73473', 'Reggy', 'Shoreman', 'Reggy@students.uonbi.ac.ke', 713833769, '7932', NULL),
(138, '60150', 'Theresina', 'Holtham', 'Theresina@students.uonbi.ac.ke', 713833769, '9007', NULL),
(139, '31505', 'Debora', 'Meneyer', 'Debora@students.uonbi.ac.ke', 713833769, '9671', NULL),
(140, '12183', 'Lynea', 'Dictus', 'Lynea@students.uonbi.ac.ke', 713833769, '3231', NULL),
(141, '73353', 'Renie', 'Beasley', 'Renie@students.uonbi.ac.ke', 713833769, '8403', NULL),
(142, '22077', 'Lara', 'Bradnum', 'Lara@students.uonbi.ac.ke', 713833769, '6262', NULL),
(143, '34377', 'Gert', 'Calterone', 'Gert@students.uonbi.ac.ke', 713833769, '3096', NULL),
(144, '90429', 'Guinevere', 'Balk', 'Guinevere@students.uonbi.ac.ke', 713833769, '9724', NULL),
(145, '78867', 'Tristam', 'Kenryd', 'Tristam@students.uonbi.ac.ke', 713833769, '4589', NULL),
(146, '48904', 'Ogdon', 'Adamovich', 'Ogdon@students.uonbi.ac.ke', 713833769, '8333', NULL),
(147, '88153', 'Rica', 'Dobel', 'Rica@students.uonbi.ac.ke', 713833769, '3714', NULL),
(148, '86516', 'Lorne', 'Lello', 'Lorne@students.uonbi.ac.ke', 713833769, '3826', NULL),
(149, '23880', 'Etti', 'Jammet', 'Etti@students.uonbi.ac.ke', 713833769, '6202', NULL),
(150, '87327', 'Ami', 'Wrassell', 'Ami@students.uonbi.ac.ke', 713833769, '7923', NULL),
(151, '92980', 'Enoch', 'Mixworthy', 'Enoch@students.uonbi.ac.ke', 713833769, '6932', NULL),
(152, '88400', 'Tiffi', 'Winsiowiecki', 'Tiffi@students.uonbi.ac.ke', 713833769, '6627', NULL),
(153, '76643', 'Ardys', 'Primo', 'Ardys@students.uonbi.ac.ke', 713833769, '6664', NULL),
(154, '79814', 'Kerrin', 'Duckit', 'Kerrin@students.uonbi.ac.ke', 713833769, '6448', NULL),
(155, '39699', 'Curran', 'Treffry', 'Curran@students.uonbi.ac.ke', 713833769, '8803', NULL),
(156, '22828', 'Diann', 'Sexon', 'Diann@students.uonbi.ac.ke', 713833769, '5404', NULL),
(157, '59037', 'Leonore', 'Girauld', 'Leonore@students.uonbi.ac.ke', 713833769, '9320', NULL),
(158, '89716', 'Ludvig', 'Oats', 'Ludvig@students.uonbi.ac.ke', 713833769, '4630', NULL),
(159, '88759', 'Baldwin', 'Waight', 'Baldwin@students.uonbi.ac.ke', 713833769, '8179', NULL),
(160, '39816', 'Sharla', 'Abrahamsen', 'Sharla@students.uonbi.ac.ke', 713833769, '5023', NULL),
(161, '88039', 'Jesse', 'Beilby', 'Jesse@students.uonbi.ac.ke', 713833769, '6103', NULL),
(162, '32386', 'Missie', 'Josilowski', 'Missie@students.uonbi.ac.ke', 713833769, '6037', NULL),
(163, '74438', 'Thor', 'Ruscoe', 'Thor@students.uonbi.ac.ke', 713833769, '3633', NULL),
(164, '29025', 'Catherin', 'Heinel', 'Catherin@students.uonbi.ac.ke', 713833769, '7063', NULL),
(165, '85389', 'Ashbey', 'Tingly', 'Ashbey@students.uonbi.ac.ke', 713833769, '8514', NULL),
(166, '17065', 'Maxim', 'DeSousa', 'Maxim@students.uonbi.ac.ke', 713833769, '9494', NULL),
(167, '85551', 'Waverley', 'Choulerton', 'Waverley@students.uonbi.ac.ke', 713833769, '9131', NULL),
(168, '76571', 'Arlan', 'De Biasi', 'Arlan@students.uonbi.ac.ke', 713833769, '3501', NULL),
(169, '67027', 'Norry', 'Reichelt', 'Norry@students.uonbi.ac.ke', 713833769, '6800', NULL),
(170, '28909', 'Brandi', 'Muslim', 'Brandi@students.uonbi.ac.ke', 713833769, '5327', NULL),
(171, '86833', 'Mellisa', 'Cheales', 'Mellisa@students.uonbi.ac.ke', 713833769, '9678', NULL),
(172, '65639', 'Silvain', 'Shotboulte', 'Silvain@students.uonbi.ac.ke', 713833769, '7955', NULL),
(173, '19266', 'Odetta', 'Skyrm', 'Odetta@students.uonbi.ac.ke', 713833769, '5540', NULL),
(174, '47584', 'Chaunce', 'Escalero', 'Chaunce@students.uonbi.ac.ke', 713833769, '7987', NULL),
(175, '95681', 'Kristine', 'Penberthy', 'Kristine@students.uonbi.ac.ke', 713833769, '3914', NULL),
(176, '38884', 'Findlay', 'Worden', 'Findlay@students.uonbi.ac.ke', 713833769, '3426', NULL),
(177, '84520', 'Phip', 'Tilly', 'Phip@students.uonbi.ac.ke', 713833769, '5683', NULL),
(178, '21843', 'Cathi', 'Gumary', 'Cathi@students.uonbi.ac.ke', 713833769, '5579', NULL),
(179, '41072', 'Antoine', 'Foggo', 'Antoine@students.uonbi.ac.ke', 713833769, '8258', NULL),
(180, '33884', 'Con', 'Tolcher', 'Con@students.uonbi.ac.ke', 713833769, '7679', NULL),
(181, '53325', 'Wallis', 'Nolin', 'Wallis@students.uonbi.ac.ke', 713833769, '8940', NULL),
(182, '27283', 'Dillon', 'Damiata', 'Dillon@students.uonbi.ac.ke', 713833769, '5343', NULL),
(183, '45050', 'Erwin', 'Falls', 'Erwin@students.uonbi.ac.ke', 713833769, '7922', NULL),
(184, '74756', 'Gerti', 'Hedgeman', 'Gerti@students.uonbi.ac.ke', 713833769, '7578', NULL),
(185, '91082', 'Asher', 'Lill', 'Asher@students.uonbi.ac.ke', 713833769, '8588', NULL),
(186, '48854', 'Morena', 'Banister', 'Morena@students.uonbi.ac.ke', 713833769, '5437', NULL),
(187, '69193', 'Alanna', 'Kniveton', 'Alanna@students.uonbi.ac.ke', 713833769, '5916', NULL),
(188, '65305', 'Katrinka', 'Birtchnell', 'Katrinka@students.uonbi.ac.ke', 713833769, '4443', NULL),
(189, '99079', 'Natal', 'Iacovone', 'Natal@students.uonbi.ac.ke', 713833769, '3029', NULL),
(190, '20223', 'Othilia', 'Hanhard', 'Othilia@students.uonbi.ac.ke', 713833769, '8728', NULL),
(191, '71853', 'Daisey', 'Enion', 'Daisey@students.uonbi.ac.ke', 713833769, '8791', NULL),
(192, '68633', 'Clemence', 'Guyon', 'Clemence@students.uonbi.ac.ke', 713833769, '3414', NULL),
(193, '99621', 'Callie', 'Bartak', 'Callie@students.uonbi.ac.ke', 713833769, '4828', NULL),
(194, '21370', 'Minni', 'Squeers', 'Minni@students.uonbi.ac.ke', 713833769, '5113', NULL),
(195, '28377', 'Bo', 'Tullis', 'Bo@students.uonbi.ac.ke', 713833769, '9147', NULL),
(196, '56982', 'Honor', 'Martinovic', 'Honor@students.uonbi.ac.ke', 713833769, '8020', NULL),
(197, '42027', 'Jaynell', 'Whacket', 'Jaynell@students.uonbi.ac.ke', 713833769, '4477', NULL),
(198, '64508', 'Lydia', 'Trigwell', 'Lydia@students.uonbi.ac.ke', 713833769, '7046', NULL),
(199, '81890', 'Kalie', 'Kingsmill', 'Kalie@students.uonbi.ac.ke', 713833769, '9085', NULL),
(200, '63213', 'Emile', 'Cupper', 'Emile@students.uonbi.ac.ke', 713833769, '8384', NULL),
(201, '88082', 'Giorgia', 'Witt', 'Giorgia@students.uonbi.ac.ke', 713833769, '4700', NULL),
(202, '66137', 'Emalee', 'Pury', 'Emalee@students.uonbi.ac.ke', 713833769, '8925', NULL),
(203, '29693', 'Josephina', 'Fouldes', 'Josephina@students.uonbi.ac.ke', 713833769, '5175', NULL),
(204, '76525', 'Jolee', 'Eickhoff', 'Jolee@students.uonbi.ac.ke', 713833769, '8840', NULL),
(205, '36053', 'Immanuel', 'Mundee', 'Immanuel@students.uonbi.ac.ke', 713833769, '8279', NULL),
(206, '74454', 'Dana', 'Crockford', 'Dana@students.uonbi.ac.ke', 713833769, '9510', NULL),
(207, '27687', 'Kynthia', 'Seint', 'Kynthia@students.uonbi.ac.ke', 713833769, '8892', NULL),
(208, '23994', 'Pris', 'Vedenyapin', 'Pris@students.uonbi.ac.ke', 713833769, '4568', NULL),
(209, '83857', 'Giffie', 'Matuschek', 'Giffie@students.uonbi.ac.ke', 713833769, '7335', NULL),
(210, '36104', 'Adrienne', 'Baribal', 'Adrienne@students.uonbi.ac.ke', 713833769, '8636', NULL),
(211, '27213', 'Ania', 'Cusick', 'Ania@students.uonbi.ac.ke', 713833769, '5330', NULL),
(212, '61292', 'Darius', 'Grishkov', 'Darius@students.uonbi.ac.ke', 713833769, '4314', NULL),
(213, '38979', 'Hope', 'Wartonby', 'Hope@students.uonbi.ac.ke', 713833769, '6413', NULL),
(214, '46157', 'Wiatt', 'Klees', 'Wiatt@students.uonbi.ac.ke', 713833769, '4899', NULL),
(215, '45586', 'Kelcey', 'Edmondson', 'Kelcey@students.uonbi.ac.ke', 713833769, '3865', NULL),
(216, '25547', 'Rycca', 'Castro', 'Rycca@students.uonbi.ac.ke', 713833769, '7511', NULL),
(217, '79350', 'Erny', 'Pendergast', 'Erny@students.uonbi.ac.ke', 713833769, '9534', NULL),
(218, '34483', 'Lexy', 'Fiennes', 'Lexy@students.uonbi.ac.ke', 713833769, '6113', NULL),
(219, '35320', 'Marline', 'Colyer', 'Marline@students.uonbi.ac.ke', 713833769, '6541', NULL),
(220, '24467', 'Celestyna', 'Ommanney', 'Celestyna@students.uonbi.ac.ke', 713833769, '4582', NULL),
(221, '74674', 'Jeddy', 'Exelby', 'Jeddy@students.uonbi.ac.ke', 713833769, '7621', NULL),
(222, '13950', 'Sholom', 'Trounson', 'Sholom@students.uonbi.ac.ke', 713833769, '8297', NULL),
(223, '17517', 'Ewen', 'Sefton', 'Ewen@students.uonbi.ac.ke', 713833769, '6361', NULL),
(224, '24046', 'Marielle', 'Orteu', 'Marielle@students.uonbi.ac.ke', 713833769, '8888', NULL),
(225, '66877', 'Dehlia', 'Brant', 'Dehlia@students.uonbi.ac.ke', 713833769, '3962', NULL),
(226, '17285', 'Katie', 'Ker', 'Katie@students.uonbi.ac.ke', 713833769, '3146', NULL),
(227, '97747', 'Petronia', 'Osmon', 'Petronia@students.uonbi.ac.ke', 713833769, '9151', NULL),
(228, '46790', 'Marika', 'Beacon', 'Marika@students.uonbi.ac.ke', 713833769, '8681', NULL),
(229, '23593', 'Joni', 'O\'Glessane', 'Joni@students.uonbi.ac.ke', 713833769, '3369', NULL),
(230, '14528', 'Dona', 'Lee', 'Dona@students.uonbi.ac.ke', 713833769, '8760', NULL),
(231, '99906', 'Emelita', 'Bickersteth', 'Emelita@students.uonbi.ac.ke', 713833769, '3776', NULL),
(232, '22577', 'Mano', 'Hitter', 'Mano@students.uonbi.ac.ke', 713833769, '6697', NULL),
(233, '22368', 'Samuele', 'Kubasiewicz', 'Samuele@students.uonbi.ac.ke', 713833769, '4739', NULL),
(234, '41503', 'Lilah', 'Waterstone', 'Lilah@students.uonbi.ac.ke', 713833769, '4125', NULL),
(235, '81917', 'Francisca', 'Berecloth', 'Francisca@students.uonbi.ac.ke', 713833769, '5447', NULL),
(236, '18362', 'Isac', 'Acres', 'Isac@students.uonbi.ac.ke', 713833769, '9051', NULL),
(237, '88511', 'Malanie', 'Burdis', 'Malanie@students.uonbi.ac.ke', 713833769, '5254', NULL),
(238, '81429', 'Glori', 'Boram', 'Glori@students.uonbi.ac.ke', 713833769, '3120', NULL),
(239, '31301', 'Aurea', 'Fotheringham', 'Aurea@students.uonbi.ac.ke', 713833769, '4332', NULL),
(240, '50408', 'Alexis', 'Paff', 'Alexis@students.uonbi.ac.ke', 713833769, '4477', NULL),
(241, '16320', 'Ilise', 'Hought', 'Ilise@students.uonbi.ac.ke', 713833769, '4783', NULL),
(242, '51739', 'Sauncho', 'Worms', 'Sauncho@students.uonbi.ac.ke', 713833769, '4898', NULL),
(243, '55273', 'Shela', 'Fooks', 'Shela@students.uonbi.ac.ke', 713833769, '3748', NULL),
(244, '23742', 'Perry', 'Cowcha', 'Perry@students.uonbi.ac.ke', 713833769, '4536', NULL),
(245, '16474', 'Giralda', 'Robiou', 'Giralda@students.uonbi.ac.ke', 713833769, '8882', NULL),
(246, '70342', 'Gordie', 'Lycett', 'Gordie@students.uonbi.ac.ke', 713833769, '9113', NULL),
(247, '30487', 'Georgine', 'Bolderoe', 'Georgine@students.uonbi.ac.ke', 713833769, '3140', NULL),
(248, '31730', 'Shaun', 'Broadwood', 'Shaun@students.uonbi.ac.ke', 713833769, '6079', NULL),
(249, '50732', 'Armand', 'Hayter', 'Armand@students.uonbi.ac.ke', 713833769, '3209', NULL),
(250, '74515', 'Iver', 'Beckitt', 'Iver@students.uonbi.ac.ke', 713833769, '9863', NULL),
(251, '73863', 'Aaron', 'Gumbley', 'Aaron@students.uonbi.ac.ke', 713833769, '6832', 1),
(252, '19020', 'Jolyn', 'Bowman', 'Jolyn@students.uonbi.ac.ke', 713833769, '3682', NULL),
(253, '39158', 'Rog', 'Murrhaupt', 'Rog@students.uonbi.ac.ke', 713833769, '6559', NULL),
(254, '52437', 'Truman', 'Sprigg', 'Truman@students.uonbi.ac.ke', 713833769, '6277', NULL),
(255, '60441', 'Fernando', 'Rozenzweig', 'Fernando@students.uonbi.ac.ke', 713833769, '3521', NULL),
(256, '89149', 'Babbette', 'Escritt', 'Babbette@students.uonbi.ac.ke', 713833769, '7075', NULL),
(257, '51571', 'Galven', 'Laffoley-Lane', 'Galven@students.uonbi.ac.ke', 713833769, '9838', NULL),
(258, '29862', 'Gideon', 'Cumbes', 'Gideon@students.uonbi.ac.ke', 713833769, '4755', NULL),
(259, '32683', 'Gussie', 'Lodevick', 'Gussie@students.uonbi.ac.ke', 713833769, '6365', NULL),
(260, '29244', 'Hynda', 'Bridgestock', 'Hynda@students.uonbi.ac.ke', 713833769, '7196', NULL),
(261, '99466', 'Valdemar', 'Ordelt', 'Valdemar@students.uonbi.ac.ke', 713833769, '6339', NULL),
(262, '58156', 'Mercedes', 'Giraudo', 'Mercedes@students.uonbi.ac.ke', 713833769, '7725', NULL),
(263, '17293', 'Rebekkah', 'Paul', 'Rebekkah@students.uonbi.ac.ke', 713833769, '4220', NULL),
(264, '87729', 'Valdemar', 'Leggan', 'Valdemar@students.uonbi.ac.ke', 713833769, '3327', NULL),
(265, '63038', 'Colline', 'Guyton', 'Colline@students.uonbi.ac.ke', 713833769, '3069', NULL),
(266, '73174', 'Roi', 'Pimblotte', 'Roi@students.uonbi.ac.ke', 713833769, '5270', NULL),
(267, '85242', 'Sascha', 'Tivenan', 'Sascha@students.uonbi.ac.ke', 713833769, '7931', NULL),
(268, '29889', 'Miof mela', 'Durram', 'Miof mela@students.uonbi.ac.ke', 713833769, '6810', NULL),
(269, '70617', 'Vally', 'Tiltman', 'Vally@students.uonbi.ac.ke', 713833769, '3796', NULL),
(270, '69843', 'Adlai', 'Coursor', 'Adlai@students.uonbi.ac.ke', 713833769, '5802', NULL),
(271, '96465', 'Berton', 'Claxson', 'Berton@students.uonbi.ac.ke', 713833769, '7364', NULL),
(272, '71432', 'Cherri', 'Vasilenko', 'Cherri@students.uonbi.ac.ke', 713833769, '8430', NULL),
(273, '76917', 'Dillon', 'Mewhirter', 'Dillon@students.uonbi.ac.ke', 713833769, '9419', NULL),
(274, '81542', 'Derrek', 'Blackmore', 'Derrek@students.uonbi.ac.ke', 713833769, '7944', NULL),
(275, '29308', 'Guthry', 'Raddan', 'Guthry@students.uonbi.ac.ke', 713833769, '3381', NULL),
(276, '83404', 'Decca', 'Stichel', 'Decca@students.uonbi.ac.ke', 713833769, '7215', NULL),
(277, '33376', 'Cinda', 'Anthonies', 'Cinda@students.uonbi.ac.ke', 713833769, '8239', NULL),
(278, '68796', 'Elbertina', 'Zanettini', 'Elbertina@students.uonbi.ac.ke', 713833769, '8873', NULL),
(279, '39067', 'Reinwald', 'Scantlebury', 'Reinwald@students.uonbi.ac.ke', 713833769, '6600', NULL),
(280, '69324', 'Everard', 'McGuggy', 'Everard@students.uonbi.ac.ke', 713833769, '3605', NULL),
(281, '64668', 'Kyle', 'Persich', 'Kyle@students.uonbi.ac.ke', 713833769, '6946', NULL),
(282, '38104', 'Brett', 'Kroll', 'Brett@students.uonbi.ac.ke', 713833769, '9434', NULL),
(283, '93283', 'Giorgi', 'Kelshaw', 'Giorgi@students.uonbi.ac.ke', 713833769, '7319', NULL),
(284, '92004', 'Henka', 'Halmkin', 'Henka@students.uonbi.ac.ke', 713833769, '9252', NULL),
(285, '10288', 'Lani', 'Dunstan', 'Lani@students.uonbi.ac.ke', 713833769, '5459', NULL),
(286, '59362', 'Etty', 'Comusso', 'Etty@students.uonbi.ac.ke', 713833769, '5645', NULL),
(287, '34900', 'Enrique', 'McPhillimey', 'Enrique@students.uonbi.ac.ke', 713833769, '6401', NULL),
(288, '98687', 'Malissa', 'Chatters', 'Malissa@students.uonbi.ac.ke', 713833769, '7455', NULL),
(289, '95278', 'Virgina', 'Forsbey', 'Virgina@students.uonbi.ac.ke', 713833769, '4908', NULL),
(290, '41406', 'Tad', 'Bourdice', 'Tad@students.uonbi.ac.ke', 713833769, '6651', NULL),
(291, '92504', 'Inglebert', 'Crampin', 'Inglebert@students.uonbi.ac.ke', 713833769, '5688', NULL),
(292, '84027', 'Allene', 'Edgeley', 'Allene@students.uonbi.ac.ke', 713833769, '5227', NULL),
(293, '75243', 'Candra', 'Gilliard', 'Candra@students.uonbi.ac.ke', 713833769, '8916', NULL),
(294, '44890', 'Evvy', 'Monini', 'Evvy@students.uonbi.ac.ke', 713833769, '3244', NULL),
(295, '93894', 'Harp', 'Bowdon', 'Harp@students.uonbi.ac.ke', 713833769, '3242', NULL),
(296, '10263', 'Yoshiko', 'Maccaig', 'Yoshiko@students.uonbi.ac.ke', 713833769, '4520', NULL),
(297, '41470', 'Tremayne', 'Bravington', 'Tremayne@students.uonbi.ac.ke', 713833769, '5473', NULL),
(298, '59401', 'Bell', 'McAllen', 'Bell@students.uonbi.ac.ke', 713833769, '9340', NULL),
(299, '16084', 'Karee', 'MacLucais', 'Karee@students.uonbi.ac.ke', 713833769, '5674', NULL),
(301, '41572', 'Carolus', 'Rosiello', 'Carolus@students.uonbi.ac.ke', 713833769, '3624', NULL),
(302, '39413', 'Eleanor', 'Aronovitz', 'Eleanor@students.uonbi.ac.ke', 713833769, '6403', NULL),
(303, '89686', 'Natalina', 'Kliner', 'Natalina@students.uonbi.ac.ke', 713833769, '6695', NULL),
(304, '95207', 'Lilith', 'Gianettini', 'Lilith@students.uonbi.ac.ke', 713833769, '5334', NULL),
(305, '96705', 'Lucho', 'Weale', 'Lucho@students.uonbi.ac.ke', 713833769, '7662', NULL),
(306, '10756', 'Joe', 'Figgins', 'Joe@students.uonbi.ac.ke', 713833769, '7942', NULL),
(307, '98366', 'Gabi', 'Veldens', 'Gabi@students.uonbi.ac.ke', 713833769, '6417', NULL),
(308, '13432', 'Gabbi', 'Lankester', 'Gabbi@students.uonbi.ac.ke', 713833769, '4514', NULL),
(309, '53396', 'Zita', 'Kluss', 'Zita@students.uonbi.ac.ke', 713833769, '7463', NULL),
(310, '50530', 'Ronda', 'Sackett', 'Ronda@students.uonbi.ac.ke', 713833769, '7953', NULL),
(311, '22199', 'Adrianne', 'Shatford', 'Adrianne@students.uonbi.ac.ke', 713833769, '3755', NULL),
(312, '97869', 'Gary', 'Amorts', 'Gary@students.uonbi.ac.ke', 713833769, '5968', NULL),
(313, '81349', 'Marley', 'D\'Alessandro', 'Marley@students.uonbi.ac.ke', 713833769, '8786', NULL),
(314, '27909', 'Kyrstin', 'Barck', 'Kyrstin@students.uonbi.ac.ke', 713833769, '5165', NULL),
(315, '90295', 'Keelia', 'Roizin', 'Keelia@students.uonbi.ac.ke', 713833769, '3538', NULL),
(316, '86996', 'Brett', 'Cuss', 'Brett@students.uonbi.ac.ke', 713833769, '5535', NULL),
(317, '52639', 'Tamera', 'Osborn', 'Tamera@students.uonbi.ac.ke', 713833769, '6215', NULL),
(318, '35160', 'Ario', 'Edson', 'Ario@students.uonbi.ac.ke', 713833769, '5250', NULL),
(319, '89882', 'Abbe', 'Soulsby', 'Abbe@students.uonbi.ac.ke', 713833769, '4981', NULL),
(320, '30058', 'Garwin', 'Cobleigh', 'Garwin@students.uonbi.ac.ke', 713833769, '9127', NULL),
(321, '81760', 'Giff', 'Matthieson', 'Giff@students.uonbi.ac.ke', 713833769, '8802', NULL),
(322, '10511', 'Darsey', 'Ties', 'Darsey@students.uonbi.ac.ke', 713833769, '3941', NULL),
(323, '40022', 'Alli', 'Filipiak', 'Alli@students.uonbi.ac.ke', 713833769, '4899', NULL),
(324, '79170', 'Ursulina', 'Scraney', 'Ursulina@students.uonbi.ac.ke', 713833769, '9978', NULL),
(325, '32942', 'Brady', 'Rutherford', 'Brady@students.uonbi.ac.ke', 713833769, '7921', NULL),
(326, '49242', 'Odessa', 'Siddeley', 'Odessa@students.uonbi.ac.ke', 713833769, '9309', NULL),
(327, '50811', 'Geoffrey', 'Ducarne', 'Geoffrey@students.uonbi.ac.ke', 713833769, '6093', NULL),
(328, '89374', 'June', 'Brimfield', 'June@students.uonbi.ac.ke', 713833769, '6266', NULL),
(329, '31604', 'Rozele', 'Assiter', 'Rozele@students.uonbi.ac.ke', 713833769, '4872', NULL),
(330, '48637', 'Ade', 'Kopelman', 'Ade@students.uonbi.ac.ke', 713833769, '7747', NULL),
(331, '44344', 'Wynn', 'Chesman', 'Wynn@students.uonbi.ac.ke', 713833769, '9714', NULL),
(332, '79673', 'Isidor', 'Faulkener', 'Isidor@students.uonbi.ac.ke', 713833769, '8154', NULL),
(333, '21981', 'Molli', 'Breeton', 'Molli@students.uonbi.ac.ke', 713833769, '4065', NULL),
(334, '49558', 'Silvan', 'Marrion', 'Silvan@students.uonbi.ac.ke', 713833769, '6365', NULL),
(335, '37063', 'Estel', 'Dugood', 'Estel@students.uonbi.ac.ke', 713833769, '6785', NULL),
(336, '21613', 'Ambrosio', 'Nettleship', 'Ambrosio@students.uonbi.ac.ke', 713833769, '4082', NULL),
(337, '44968', 'Margi', 'Skrzynski', 'Margi@students.uonbi.ac.ke', 713833769, '9120', NULL),
(338, '29869', 'Steffen', 'Stooders', 'Steffen@students.uonbi.ac.ke', 713833769, '5766', NULL),
(339, '60008', 'Sabina', 'Calbreath', 'Sabina@students.uonbi.ac.ke', 713833769, '5083', NULL),
(340, '74373', 'Geri', 'Shorte', 'Geri@students.uonbi.ac.ke', 713833769, '9276', NULL),
(341, '13266', 'Niko', 'Boston', 'Niko@students.uonbi.ac.ke', 713833769, '6537', NULL),
(342, '51607', 'Benn', 'Baulch', 'Benn@students.uonbi.ac.ke', 713833769, '5245', NULL),
(343, '20217', 'Verne', 'Meehan', 'Verne@students.uonbi.ac.ke', 713833769, '6411', NULL),
(344, '65049', 'Car', 'Cansfield', 'Car@students.uonbi.ac.ke', 713833769, '3627', NULL),
(345, '19998', 'Lisa', 'Sharpless', 'Lisa@students.uonbi.ac.ke', 713833769, '7864', NULL),
(346, '48081', 'Kelcy', 'McCurry', 'Kelcy@students.uonbi.ac.ke', 713833769, '5895', NULL),
(347, '83988', 'Jeanie', 'Vedishchev', 'Jeanie@students.uonbi.ac.ke', 713833769, '6829', NULL),
(348, '32519', 'Fawne', 'Banat', 'Fawne@students.uonbi.ac.ke', 713833769, '9644', NULL),
(349, '29494', 'Krisha', 'Fern', 'Krisha@students.uonbi.ac.ke', 713833769, '5456', NULL),
(350, '12275', 'Jennifer', 'Burress', 'Jennifer@students.uonbi.ac.ke', 713833769, '5658', NULL),
(351, '33902', 'Lamar', 'Camelli', 'Lamar@students.uonbi.ac.ke', 713833769, '7962', NULL),
(352, '42280', 'Clementius', 'Duckworth', 'Clementius@students.uonbi.ac.ke', 713833769, '4237', NULL),
(353, '70116', 'Agnella', 'Eady', 'Agnella@students.uonbi.ac.ke', 713833769, '6053', NULL),
(354, '64253', 'Kelbee', 'Learman', 'Kelbee@students.uonbi.ac.ke', 713833769, '5015', NULL),
(355, '34795', 'Daisy', 'Oaten', 'Daisy@students.uonbi.ac.ke', 713833769, '8671', NULL),
(356, '21219', 'Hilda', 'Kliche', 'Hilda@students.uonbi.ac.ke', 713833769, '5796', NULL),
(357, '42784', 'Laurel', 'Casbolt', 'Laurel@students.uonbi.ac.ke', 713833769, '7385', NULL),
(358, '95877', 'Aretha', 'Livings', 'Aretha@students.uonbi.ac.ke', 713833769, '9645', NULL),
(359, '92856', 'Regan', 'Andreucci', 'Regan@students.uonbi.ac.ke', 713833769, '4899', NULL),
(360, '12992', 'Alex', 'Payler', 'Alex@students.uonbi.ac.ke', 713833769, '3887', NULL),
(361, '55832', 'Rani', 'Welds', 'Rani@students.uonbi.ac.ke', 713833769, '3685', NULL),
(362, '43252', 'Sunny', 'Keer', 'Sunny@students.uonbi.ac.ke', 713833769, '6350', NULL),
(363, '22257', 'Desirae', 'D\'Elias', 'Desirae@students.uonbi.ac.ke', 713833769, '7291', NULL),
(364, '42058', 'Correna', 'Wincom', 'Correna@students.uonbi.ac.ke', 713833769, '6988', NULL),
(365, '72073', 'Derry', 'Moncreif', 'Derry@students.uonbi.ac.ke', 713833769, '7937', NULL),
(366, '52276', 'Zabrina', 'Landal', 'Zabrina@students.uonbi.ac.ke', 713833769, '6799', NULL),
(367, '63749', 'Bennie', 'Turfrey', 'Bennie@students.uonbi.ac.ke', 713833769, '4141', NULL),
(368, '20964', 'Shaun', 'Whaymand', 'Shaun@students.uonbi.ac.ke', 713833769, '9268', NULL),
(369, '59608', 'Kimble', 'Akroyd', 'Kimble@students.uonbi.ac.ke', 713833769, '5707', NULL),
(370, '55339', 'Jephthah', 'Benini', 'Jephthah@students.uonbi.ac.ke', 713833769, '9489', NULL),
(371, '26574', 'Nelson', 'Gambles', 'Nelson@students.uonbi.ac.ke', 713833769, '5850', NULL),
(372, '75652', 'Arly', 'Oman', 'Arly@students.uonbi.ac.ke', 713833769, '6637', NULL),
(373, '89877', 'Barty', 'Kasman', 'Barty@students.uonbi.ac.ke', 713833769, '5215', NULL),
(374, '93469', 'Northrop', 'Jenik', 'Northrop@students.uonbi.ac.ke', 713833769, '6382', NULL),
(375, '59627', 'Amye', 'Tedder', 'Amye@students.uonbi.ac.ke', 713833769, '4481', NULL),
(376, '72467', 'Gerri', 'Lawranson', 'Gerri@students.uonbi.ac.ke', 713833769, '8703', NULL),
(377, '22376', 'Annette', 'Archer', 'Annette@students.uonbi.ac.ke', 713833769, '4605', NULL),
(378, '33329', 'Tally', 'Tettley', 'Tally@students.uonbi.ac.ke', 713833769, '6606', NULL),
(379, '70324', 'Ilysa', 'Peert', 'Ilysa@students.uonbi.ac.ke', 713833769, '4377', NULL),
(380, '61154', 'Ruthi', 'Potbury', 'Ruthi@students.uonbi.ac.ke', 713833769, '5615', NULL),
(381, '35765', 'Tremayne', 'Snowden', 'Tremayne@students.uonbi.ac.ke', 713833769, '3190', NULL),
(382, '68327', 'Melisse', 'Jaray', 'Melisse@students.uonbi.ac.ke', 713833769, '9195', NULL),
(383, '41459', 'Farris', 'Smurfitt', 'Farris@students.uonbi.ac.ke', 713833769, '4137', NULL),
(384, '13330', 'Kimmie', 'Mulloch', 'Kimmie@students.uonbi.ac.ke', 713833769, '7082', NULL),
(385, '72531', 'Waldemar', 'Marsters', 'Waldemar@students.uonbi.ac.ke', 713833769, '6826', NULL),
(386, '22740', 'Sinclair', 'Knightsbridge', 'Sinclair@students.uonbi.ac.ke', 713833769, '4168', NULL),
(387, '24739', 'Amil', 'Gass', 'Amil@students.uonbi.ac.ke', 713833769, '3986', NULL),
(388, '69320', 'Nike', 'Tume', 'Nike@students.uonbi.ac.ke', 713833769, '9494', NULL),
(389, '85177', 'Correna', 'Reimers', 'Correna@students.uonbi.ac.ke', 713833769, '3136', NULL),
(390, '77379', 'Ines', 'Emons', 'Ines@students.uonbi.ac.ke', 713833769, '8159', NULL),
(391, '64184', 'Alicea', 'Overnell', 'Alicea@students.uonbi.ac.ke', 713833769, '6538', NULL),
(392, '24221', 'Fran', 'Poston', 'Fran@students.uonbi.ac.ke', 713833769, '4534', NULL),
(393, '28707', 'Lindsey', 'Walley', 'Lindsey@students.uonbi.ac.ke', 713833769, '7660', NULL),
(394, '47564', 'Rafa', 'Neilands', 'Rafa@students.uonbi.ac.ke', 713833769, '7133', NULL),
(395, '59498', 'Ebba', 'Rowdell', 'Ebba@students.uonbi.ac.ke', 713833769, '4779', NULL),
(396, '16371', 'Paulina', 'Alexandersen', 'Paulina@students.uonbi.ac.ke', 713833769, '9282', NULL),
(397, '37202', 'Idell', 'Egar', 'Idell@students.uonbi.ac.ke', 713833769, '4171', NULL),
(398, '24041', 'Marleah', 'Jobling', 'Marleah@students.uonbi.ac.ke', 713833769, '3042', NULL),
(399, '81035', 'Roxi', 'Cain', 'Roxi@students.uonbi.ac.ke', 713833769, '5459', NULL),
(400, '12276', 'Bertie', 'Kingman', 'Bertie@students.uonbi.ac.ke', 713833769, '7637', NULL),
(401, '37729', 'Gunilla', 'Choldcroft', 'Gunilla@students.uonbi.ac.ke', 713833769, '5305', NULL),
(402, '76709', 'Nerty', 'Jaegar', 'Nerty@students.uonbi.ac.ke', 713833769, '6494', NULL),
(403, '20953', 'Aile', 'Harold', 'Aile@students.uonbi.ac.ke', 713833769, '5598', NULL),
(404, '25167', 'Rivy', 'Spaduzza', 'Rivy@students.uonbi.ac.ke', 713833769, '3520', NULL),
(405, '53954', 'Issiah', 'Tommasuzzi', 'Issiah@students.uonbi.ac.ke', 713833769, '7792', NULL),
(406, '40587', 'Cordula', 'Hacaud', 'Cordula@students.uonbi.ac.ke', 713833769, '4641', NULL),
(407, '75946', 'Purcell', 'Bedow', 'Purcell@students.uonbi.ac.ke', 713833769, '3334', NULL),
(408, '74721', 'Parnell', 'Davitti', 'Parnell@students.uonbi.ac.ke', 713833769, '6718', NULL),
(409, '76260', 'Lorena', 'Gribble', 'Lorena@students.uonbi.ac.ke', 713833769, '6889', NULL),
(410, '67197', 'Urbanus', 'Meneghi', 'Urbanus@students.uonbi.ac.ke', 713833769, '3530', NULL),
(411, '76050', 'Farrand', 'Lycett', 'Farrand@students.uonbi.ac.ke', 713833769, '3471', NULL),
(412, '55900', 'Jemmy', 'Biesinger', 'Jemmy@students.uonbi.ac.ke', 713833769, '6662', NULL),
(413, '23244', 'Ginnifer', 'Bowery', 'Ginnifer@students.uonbi.ac.ke', 713833769, '4942', NULL),
(414, '62411', 'Jen', 'Noweak', 'Jen@students.uonbi.ac.ke', 713833769, '5905', NULL),
(415, '53594', 'Irene', 'Cherrison', 'Irene@students.uonbi.ac.ke', 713833769, '8390', NULL),
(416, '67483', 'Waylin', 'Muspratt', 'Waylin@students.uonbi.ac.ke', 713833769, '7100', NULL),
(417, '84343', 'Vinnie', 'Guidelli', 'Vinnie@students.uonbi.ac.ke', 713833769, '8774', NULL),
(418, '90738', 'Kimberlee', 'Gaucher', 'Kimberlee@students.uonbi.ac.ke', 713833769, '3596', NULL),
(419, '31048', 'Ann-marie', 'Eakeley', 'Ann-marie@students.uonbi.ac.ke', 713833769, '4174', NULL),
(420, '18595', 'Margareta', 'Goulter', 'Margareta@students.uonbi.ac.ke', 713833769, '6414', NULL),
(421, '76857', 'Agathe', 'Lindores', 'Agathe@students.uonbi.ac.ke', 713833769, '4979', NULL),
(422, '28702', 'Clovis', 'Dictus', 'Clovis@students.uonbi.ac.ke', 713833769, '6611', NULL),
(423, '72247', 'Estelle', 'Wickens', 'Estelle@students.uonbi.ac.ke', 713833769, '4095', NULL),
(424, '20159', 'Rorie', 'Faiers', 'Rorie@students.uonbi.ac.ke', 713833769, '7334', NULL),
(425, '65128', 'Flora', 'Birley', 'Flora@students.uonbi.ac.ke', 713833769, '8925', NULL),
(426, '49900', 'Dionne', 'Brookes', 'Dionne@students.uonbi.ac.ke', 713833769, '8461', NULL),
(427, '82434', 'Stefan', 'Keys', 'Stefan@students.uonbi.ac.ke', 713833769, '7681', NULL),
(428, '33704', 'Rodina', 'Danbi', 'Rodina@students.uonbi.ac.ke', 713833769, '4883', NULL),
(429, '52290', 'Bert', 'Nickels', 'Bert@students.uonbi.ac.ke', 713833769, '6534', NULL),
(430, '87522', 'Karil', 'Becerra', 'Karil@students.uonbi.ac.ke', 713833769, '3651', NULL),
(431, '62352', 'Fedora', 'Yakebovitch', 'Fedora@students.uonbi.ac.ke', 713833769, '7898', NULL),
(432, '10345', 'Riobard', 'Belin', 'Riobard@students.uonbi.ac.ke', 713833769, '6754', NULL),
(433, '75791', 'Clemence', 'Alelsandrovich', 'Clemence@students.uonbi.ac.ke', 713833769, '8302', NULL),
(434, '28187', 'Mikol', 'Marham', 'Mikol@students.uonbi.ac.ke', 713833769, '3412', NULL),
(435, '74590', 'Almeta', 'Tongs', 'Almeta@students.uonbi.ac.ke', 713833769, '7378', NULL),
(436, '53486', 'Fianna', 'Stalf', 'Fianna@students.uonbi.ac.ke', 713833769, '8977', NULL),
(437, '40355', 'Jakob', 'Gooley', 'Jakob@students.uonbi.ac.ke', 713833769, '6215', NULL),
(438, '50500', 'Calv', 'Wigzell', 'Calv@students.uonbi.ac.ke', 713833769, '5818', NULL),
(439, '12101', 'Harmonia', 'Schwandermann', 'Harmonia@students.uonbi.ac.ke', 713833769, '5470', NULL),
(440, '60109', 'Sile', 'Sturridge', 'Sile@students.uonbi.ac.ke', 713833769, '5556', NULL),
(441, '59583', 'Wanids', 'Peacey', 'Wanids@students.uonbi.ac.ke', 713833769, '7273', NULL),
(442, '29833', 'Lilith', 'Smythe', 'Lilith@students.uonbi.ac.ke', 713833769, '3458', NULL),
(443, '22150', 'Noe', 'Bagnold', 'Noe@students.uonbi.ac.ke', 713833769, '4096', NULL),
(444, '72085', 'Oralle', 'Overbury', 'Oralle@students.uonbi.ac.ke', 713833769, '8623', NULL),
(445, '49114', 'Issiah', 'McCleod', 'Issiah@students.uonbi.ac.ke', 713833769, '4251', NULL),
(446, '89789', 'Viole', 'Molloy', 'Viole@students.uonbi.ac.ke', 713833769, '5719', NULL),
(447, '15228', 'Stevy', 'Cornforth', 'Stevy@students.uonbi.ac.ke', 713833769, '4306', NULL),
(448, '33592', 'Blinnie', 'Scales', 'Blinnie@students.uonbi.ac.ke', 713833769, '9842', NULL),
(449, '23779', 'Maurits', 'O\'Reagan', 'Maurits@students.uonbi.ac.ke', 713833769, '9081', NULL),
(450, '90943', 'Lura', 'Howieson', 'Lura@students.uonbi.ac.ke', 713833769, '4742', NULL),
(451, '56427', 'Valentine', 'O\' Mullane', 'Valentine@students.uonbi.ac.ke', 713833769, '5130', NULL),
(452, '75409', 'Micheline', 'Gale', 'Micheline@students.uonbi.ac.ke', 713833769, '3890', NULL),
(453, '80668', 'Kerrie', 'Beynkn', 'Kerrie@students.uonbi.ac.ke', 713833769, '3418', NULL),
(454, '54488', 'Korey', 'Domke', 'Korey@students.uonbi.ac.ke', 713833769, '6453', NULL),
(455, '55409', 'Johnathon', 'Jannequin', 'Johnathon@students.uonbi.ac.ke', 713833769, '3661', NULL),
(456, '31560', 'Johan', 'Chamberlen', 'Johan@students.uonbi.ac.ke', 713833769, '6722', NULL),
(457, '85387', 'Oriana', 'Zelland', 'Oriana@students.uonbi.ac.ke', 713833769, '5923', NULL),
(458, '52351', 'Liana', 'Baggally', 'Liana@students.uonbi.ac.ke', 713833769, '8564', NULL),
(459, '70675', 'Jewel', 'Pankhurst.', 'Jewel@students.uonbi.ac.ke', 713833769, '3135', NULL),
(460, '17230', 'Lonee', 'Sultana', 'Lonee@students.uonbi.ac.ke', 713833769, '9457', NULL),
(461, '45972', 'Raimund', 'Smedmoor', 'Raimund@students.uonbi.ac.ke', 713833769, '8409', NULL),
(462, '30934', 'Gabi', 'Rattrie', 'Gabi@students.uonbi.ac.ke', 713833769, '6351', NULL),
(463, '76043', 'Tommie', 'Borrington', 'Tommie@students.uonbi.ac.ke', 713833769, '7376', NULL),
(464, '99214', 'Rhianna', 'Cordey', 'Rhianna@students.uonbi.ac.ke', 713833769, '9427', NULL),
(465, '60824', 'Rafaela', 'Micah', 'Rafaela@students.uonbi.ac.ke', 713833769, '5975', NULL),
(466, '79666', 'Gannie', 'Apdell', 'Gannie@students.uonbi.ac.ke', 713833769, '7457', NULL),
(467, '30040', 'Burlie', 'Trahear', 'Burlie@students.uonbi.ac.ke', 713833769, '3224', NULL),
(468, '23184', 'Kendrick', 'Lyenyng', 'Kendrick@students.uonbi.ac.ke', 713833769, '3337', NULL),
(469, '19296', 'Tobias', 'Pritty', 'Tobias@students.uonbi.ac.ke', 713833769, '8552', NULL),
(470, '20603', 'Dulcine', 'Pembery', 'Dulcine@students.uonbi.ac.ke', 713833769, '6686', NULL),
(471, '28760', 'Carina', 'Derrell', 'Carina@students.uonbi.ac.ke', 713833769, '8025', NULL),
(472, '17692', 'Aprilette', 'Hunston', 'Aprilette@students.uonbi.ac.ke', 713833769, '6228', NULL),
(473, '89484', 'Gawain', 'Bedenham', 'Gawain@students.uonbi.ac.ke', 713833769, '8163', NULL),
(474, '53737', 'Kikelia', 'Connerry', 'Kikelia@students.uonbi.ac.ke', 713833769, '9290', NULL),
(475, '97054', 'Inness', 'Ewan', 'Inness@students.uonbi.ac.ke', 713833769, '6188', NULL),
(476, '27334', 'Torrence', 'Blaschek', 'Torrence@students.uonbi.ac.ke', 713833769, '5962', NULL),
(477, '90587', 'Rik', 'Eley', 'Rik@students.uonbi.ac.ke', 713833769, '9981', NULL),
(478, '54499', 'Kaleb', 'Jennison', 'Kaleb@students.uonbi.ac.ke', 713833769, '7959', NULL),
(479, '93681', 'Averell', 'Evered', 'Averell@students.uonbi.ac.ke', 713833769, '4399', NULL),
(480, '87774', 'Madeline', 'Tourmell', 'Madeline@students.uonbi.ac.ke', 713833769, '9276', NULL),
(481, '59086', 'Cherise', 'Retter', 'Cherise@students.uonbi.ac.ke', 713833769, '6925', NULL),
(482, '48493', 'Joan', 'Akid', 'Joan@students.uonbi.ac.ke', 713833769, '6456', NULL),
(483, '55463', 'Jayne', 'Kenn', 'Jayne@students.uonbi.ac.ke', 713833769, '9611', NULL),
(484, '13458', 'Granger', 'Icom', 'Granger@students.uonbi.ac.ke', 713833769, '8332', NULL),
(485, '77548', 'Inglis', 'Berresford', 'Inglis@students.uonbi.ac.ke', 713833769, '8409', NULL),
(486, '55267', 'Borden', 'Hounsom', 'Borden@students.uonbi.ac.ke', 713833769, '6383', NULL),
(487, '95154', 'Odilia', 'Poge', 'Odilia@students.uonbi.ac.ke', 713833769, '6486', NULL),
(488, '60479', 'Esther', 'Belverstone', 'Esther@students.uonbi.ac.ke', 713833769, '5736', NULL),
(489, '69852', 'Eric', 'Spinks', 'Eric@students.uonbi.ac.ke', 713833769, '4293', NULL),
(490, '36900', 'Nefen', 'McGiveen', 'Nefen@students.uonbi.ac.ke', 713833769, '3592', NULL),
(491, '55750', 'Richard', 'Guye', 'Richard@students.uonbi.ac.ke', 713833769, '6043', NULL),
(492, '42290', 'Aloise', 'Janusik', 'Aloise@students.uonbi.ac.ke', 713833769, '8435', NULL),
(493, '56966', 'Hillery', 'Seydlitz', 'Hillery@students.uonbi.ac.ke', 713833769, '3823', NULL),
(494, '50601', 'Orson', 'Marrion', 'Orson@students.uonbi.ac.ke', 713833769, '6790', NULL),
(495, '24846', 'Bernadette', 'Sawers', 'Bernadette@students.uonbi.ac.ke', 713833769, '9403', NULL),
(496, '63018', 'Eustacia', 'Bowhey', 'Eustacia@students.uonbi.ac.ke', 713833769, '3847', NULL),
(497, '25894', 'Elysee', 'Shellcross', 'Elysee@students.uonbi.ac.ke', 713833769, '8928', NULL),
(498, '40480', 'Edna', 'Girth', 'Edna@students.uonbi.ac.ke', 713833769, '4176', NULL),
(499, '65463', 'Abby', 'Orsman', 'Abby@students.uonbi.ac.ke', 713833769, '4617', NULL),
(500, '91353', 'Ajay', 'Koene', 'Ajay@students.uonbi.ac.ke', 713833769, '4066', NULL),
(501, '80118', 'Bryon', 'Dearth', 'Bryon@students.uonbi.ac.ke', 713833769, '3634', NULL),
(502, '44514', 'Fanchon', 'Fitzsymon', 'Fanchon@students.uonbi.ac.ke', 713833769, '8012', NULL),
(503, '21669', 'Carolyne', 'Bollin', 'Carolyne@students.uonbi.ac.ke', 713833769, '8370', NULL),
(504, '48239', 'Theodora', 'Sibbe', 'Theodora@students.uonbi.ac.ke', 713833769, '3725', NULL),
(505, '66861', 'Annabal', 'Cruddace', 'Annabal@students.uonbi.ac.ke', 713833769, '7223', NULL),
(506, '76894', 'Kylynn', 'Sterre', 'Kylynn@students.uonbi.ac.ke', 713833769, '5673', NULL),
(507, '37521', 'Therine', 'Browne', 'Therine@students.uonbi.ac.ke', 713833769, '3232', NULL),
(508, '23506', 'Ginger', 'Winsborrow', 'Ginger@students.uonbi.ac.ke', 713833769, '4400', NULL),
(509, '51155', 'Vito', 'Hartigan', 'Vito@students.uonbi.ac.ke', 713833769, '7929', NULL),
(510, '43875', 'Cathe', 'Antoons', 'Cathe@students.uonbi.ac.ke', 713833769, '6038', NULL),
(511, '79089', 'Layne', 'Lippard', 'Layne@students.uonbi.ac.ke', 713833769, '4092', NULL),
(512, '48155', 'Dallon', 'Kinane', 'Dallon@students.uonbi.ac.ke', 713833769, '6654', NULL),
(513, '49189', 'Iris', 'Venturoli', 'Iris@students.uonbi.ac.ke', 713833769, '8586', NULL),
(514, '15220', 'Eugenie', 'Perkins', 'Eugenie@students.uonbi.ac.ke', 713833769, '8095', NULL),
(515, '99933', 'Shayla', 'Mullins', 'Shayla@students.uonbi.ac.ke', 713833769, '5470', NULL),
(516, '66031', 'Delmer', 'Windridge', 'Delmer@students.uonbi.ac.ke', 713833769, '7723', NULL),
(517, '15409', 'Kalindi', 'Halt', 'Kalindi@students.uonbi.ac.ke', 713833769, '4964', NULL),
(518, '59591', 'Adolpho', 'Rubinsztein', 'Adolpho@students.uonbi.ac.ke', 713833769, '8017', NULL),
(519, '40320', 'Fara', 'Burger', 'Fara@students.uonbi.ac.ke', 713833769, '3138', NULL),
(520, '45970', 'Brendon', 'Padley', 'Brendon@students.uonbi.ac.ke', 713833769, '4942', NULL),
(521, '79618', 'Kelley', 'Heber', 'Kelley@students.uonbi.ac.ke', 713833769, '7439', NULL),
(522, '72520', 'Gipsy', 'Rabat', 'Gipsy@students.uonbi.ac.ke', 713833769, '3884', NULL),
(523, '65853', 'Diane-marie', 'Pavie', 'Diane-marie@students.uonbi.ac.ke', 713833769, '8684', NULL),
(524, '86166', 'Franz', 'Madgett', 'Franz@students.uonbi.ac.ke', 713833769, '3474', NULL),
(525, '45473', 'Kenton', 'Frobisher', 'Kenton@students.uonbi.ac.ke', 713833769, '7334', NULL),
(526, '39718', 'Gabriello', 'Clemson', 'Gabriello@students.uonbi.ac.ke', 713833769, '7173', NULL),
(527, '42455', 'Layney', 'Dunbobbin', 'Layney@students.uonbi.ac.ke', 713833769, '4267', NULL),
(528, '50103', 'Yorke', 'Crossman', 'Yorke@students.uonbi.ac.ke', 713833769, '4879', NULL),
(529, '49701', 'Zelig', 'Cunradi', 'Zelig@students.uonbi.ac.ke', 713833769, '8293', NULL),
(530, '57564', 'Ken', 'Runciman', 'Ken@students.uonbi.ac.ke', 713833769, '7001', NULL),
(531, '38390', 'Milka', 'MacRinn', 'Milka@students.uonbi.ac.ke', 713833769, '3172', NULL),
(532, '72114', 'Erik', 'Bisseker', 'Erik@students.uonbi.ac.ke', 713833769, '3023', NULL),
(533, '52426', 'Katlin', 'Matschuk', 'Katlin@students.uonbi.ac.ke', 713833769, '6240', NULL),
(534, '99859', 'Ethelin', 'Mockler', 'Ethelin@students.uonbi.ac.ke', 713833769, '7797', NULL),
(535, '75769', 'Kip', 'Dulin', 'Kip@students.uonbi.ac.ke', 713833769, '9374', NULL),
(536, '12508', 'Carolann', 'Banasik', 'Carolann@students.uonbi.ac.ke', 713833769, '5373', NULL),
(537, '64976', 'Rex', 'Rosberg', 'Rex@students.uonbi.ac.ke', 713833769, '7575', NULL),
(538, '80438', 'Genvieve', 'Karlicek', 'Genvieve@students.uonbi.ac.ke', 713833769, '4268', NULL),
(539, '16750', 'Inglebert', 'Shouler', 'Inglebert@students.uonbi.ac.ke', 713833769, '7344', NULL),
(540, '49226', 'Marthe', 'O\'Neill', 'Marthe@students.uonbi.ac.ke', 713833769, '8519', NULL),
(541, '28455', 'Henriette', 'Mustard', 'Henriette@students.uonbi.ac.ke', 713833769, '4852', NULL),
(542, '39054', 'Kendell', 'Mateiko', 'Kendell@students.uonbi.ac.ke', 713833769, '8184', NULL),
(543, '52696', 'Jonis', 'Blaza', 'Jonis@students.uonbi.ac.ke', 713833769, '7139', NULL),
(544, '80565', 'Bone', 'Meah', 'Bone@students.uonbi.ac.ke', 713833769, '3062', NULL),
(545, '48570', 'Conway', 'Kabos', 'Conway@students.uonbi.ac.ke', 713833769, '6411', NULL),
(546, '19556', 'Osborn', 'Dhillon', 'Osborn@students.uonbi.ac.ke', 713833769, '3084', NULL),
(547, '24050', 'Werner', 'Cawthra', 'Werner@students.uonbi.ac.ke', 713833769, '4818', NULL),
(548, '39404', 'Erma', 'MacGinney', 'Erma@students.uonbi.ac.ke', 713833769, '8931', NULL),
(549, '85522', 'Cass', 'Kaygill', 'Cass@students.uonbi.ac.ke', 713833769, '3093', NULL),
(550, '76591', 'Leon', 'Gabby', 'Leon@students.uonbi.ac.ke', 713833769, '8567', NULL),
(551, '26120', 'Lucky', 'Jewsbury', 'Lucky@students.uonbi.ac.ke', 713833769, '4127', NULL);
INSERT INTO `registeredStudents` (`id`, `studentRegistration`, `first_name`, `second_name`, `studentEmail`, `phone_number`, `studentPassword`, `voteStatus`) VALUES
(552, '15752', 'Jesselyn', 'Orcott', 'Jesselyn@students.uonbi.ac.ke', 713833769, '9468', NULL),
(553, '73864', 'Ricky', 'Pilmoor', 'Ricky@students.uonbi.ac.ke', 713833769, '8838', NULL),
(554, '39776', 'Ernst', 'Duffit', 'Ernst@students.uonbi.ac.ke', 713833769, '7778', NULL),
(555, '93295', 'Carr', 'Tallon', 'Carr@students.uonbi.ac.ke', 713833769, '7437', NULL),
(556, '11752', 'Brig', 'Giottini', 'Brig@students.uonbi.ac.ke', 713833769, '5705', NULL),
(557, '89901', 'Esta', 'Lowin', 'Esta@students.uonbi.ac.ke', 713833769, '6089', NULL),
(558, '23927', 'Lovell', 'Stonner', 'Lovell@students.uonbi.ac.ke', 713833769, '5185', NULL),
(559, '54168', 'Merrick', 'De Carlo', 'Merrick@students.uonbi.ac.ke', 713833769, '8897', NULL),
(560, '84299', 'Glendon', 'Halladey', 'Glendon@students.uonbi.ac.ke', 713833769, '6263', NULL),
(561, '40071', 'Alta', 'Gallichiccio', 'Alta@students.uonbi.ac.ke', 713833769, '7211', NULL),
(562, '42206', 'Catha', 'Cumesky', 'Catha@students.uonbi.ac.ke', 713833769, '4350', NULL),
(563, '32140', 'Nonie', 'Stuer', 'Nonie@students.uonbi.ac.ke', 713833769, '5698', NULL),
(564, '39757', 'Johnna', 'Cartmel', 'Johnna@students.uonbi.ac.ke', 713833769, '6787', NULL),
(565, '16128', 'Cathi', 'Dahler', 'Cathi@students.uonbi.ac.ke', 713833769, '9349', NULL),
(566, '88431', 'Monique', 'Wretham', 'Monique@students.uonbi.ac.ke', 713833769, '9577', NULL),
(567, '21755', 'Nathanil', 'Gives', 'Nathanil@students.uonbi.ac.ke', 713833769, '5449', NULL),
(568, '63737', 'Brodie', 'Maas', 'Brodie@students.uonbi.ac.ke', 713833769, '8366', NULL),
(569, '37004', 'Edith', 'Gilbanks', 'Edith@students.uonbi.ac.ke', 713833769, '6135', NULL),
(570, '49813', 'Catherin', 'Fandrey', 'Catherin@students.uonbi.ac.ke', 713833769, '9892', NULL),
(571, '97204', 'Woodman', 'Pimblett', 'Woodman@students.uonbi.ac.ke', 713833769, '3565', NULL),
(572, '76888', 'Desiree', 'Vaughten', 'Desiree@students.uonbi.ac.ke', 713833769, '7627', NULL),
(573, '12317', 'Alida', 'Kemery', 'Alida@students.uonbi.ac.ke', 713833769, '9546', NULL),
(574, '75179', 'Abner', 'Aikenhead', 'Abner@students.uonbi.ac.ke', 713833769, '5257', NULL),
(575, '99888', 'Nomi', 'Ricard', 'Nomi@students.uonbi.ac.ke', 713833769, '7373', NULL),
(576, '63292', 'Hilliary', 'Tomblin', 'Hilliary@students.uonbi.ac.ke', 713833769, '5890', NULL),
(577, '89755', 'Bentley', 'Hodges', 'Bentley@students.uonbi.ac.ke', 713833769, '5423', NULL),
(578, '11756', 'Stefania', 'Cresswell', 'Stefania@students.uonbi.ac.ke', 713833769, '3387', NULL),
(579, '94212', 'Grady', 'MacParlan', 'Grady@students.uonbi.ac.ke', 713833769, '9691', NULL),
(580, '30642', 'Gherardo', 'Bentson', 'Gherardo@students.uonbi.ac.ke', 713833769, '4450', NULL),
(581, '34736', 'Auguste', 'Dickons', 'Auguste@students.uonbi.ac.ke', 713833769, '4529', NULL),
(582, '78892', 'Erie', 'Rosenblath', 'Erie@students.uonbi.ac.ke', 713833769, '4272', NULL),
(583, '18153', 'Shelly', 'Klass', 'Shelly@students.uonbi.ac.ke', 713833769, '3716', NULL),
(584, '39229', 'Denny', 'Summerlie', 'Denny@students.uonbi.ac.ke', 713833769, '5843', NULL),
(585, '93064', 'Nannette', 'Buffin', 'Nannette@students.uonbi.ac.ke', 713833769, '9829', NULL),
(586, '87000', 'Othilie', 'Morritt', 'Othilie@students.uonbi.ac.ke', 713833769, '5507', NULL),
(587, '87412', 'Brook', 'Janzen', 'Brook@students.uonbi.ac.ke', 713833769, '6619', NULL),
(588, '41118', 'Any', 'Urey', 'Any@students.uonbi.ac.ke', 713833769, '6357', NULL),
(589, '98770', 'Myrtle', 'Currall', 'Myrtle@students.uonbi.ac.ke', 713833769, '9175', NULL),
(590, '30003', 'Wakefield', 'Januszewicz', 'Wakefield@students.uonbi.ac.ke', 713833769, '5377', NULL),
(591, '93824', 'Joella', 'Faragan', 'Joella@students.uonbi.ac.ke', 713833769, '5952', NULL),
(592, '14009', 'Webster', 'Lalley', 'Webster@students.uonbi.ac.ke', 713833769, '4843', NULL),
(593, '48184', 'Alicia', 'Hundley', 'Alicia@students.uonbi.ac.ke', 713833769, '8483', NULL),
(594, '40428', 'Jaimie', 'Bonhomme', 'Jaimie@students.uonbi.ac.ke', 713833769, '3565', NULL),
(595, '67552', 'Florence', 'Bigby', 'Florence@students.uonbi.ac.ke', 713833769, '4637', NULL),
(596, '47554', 'Sanford', 'Martlew', 'Sanford@students.uonbi.ac.ke', 713833769, '4902', NULL),
(597, '52800', 'Cullie', 'Assel', 'Cullie@students.uonbi.ac.ke', 713833769, '7833', NULL),
(598, '29553', 'Norris', 'Mitie', 'Norris@students.uonbi.ac.ke', 713833769, '7545', NULL),
(599, '51323', 'Euell', 'Frift', 'Euell@students.uonbi.ac.ke', 713833769, '8199', NULL),
(600, '24305', 'Aldon', 'Mirfield', 'Aldon@students.uonbi.ac.ke', 713833769, '8270', NULL),
(601, '53414', 'Mora', 'Janczewski', 'Mora@students.uonbi.ac.ke', 713833769, '8445', NULL),
(602, '99574', 'Hadleigh', 'Dobble', 'Hadleigh@students.uonbi.ac.ke', 713833769, '5418', NULL),
(603, '34723', 'Isak', 'Antao', 'Isak@students.uonbi.ac.ke', 713833769, '7886', NULL),
(604, '20854', 'Ursala', 'Lampens', 'Ursala@students.uonbi.ac.ke', 713833769, '6094', NULL),
(605, '46871', 'Jennee', 'Hankin', 'Jennee@students.uonbi.ac.ke', 713833769, '9571', NULL),
(606, '33490', 'Reeva', 'Childes', 'Reeva@students.uonbi.ac.ke', 713833769, '7529', NULL),
(607, '94088', 'Arlen', 'Hatherell', 'Arlen@students.uonbi.ac.ke', 713833769, '9603', NULL),
(608, '15196', 'Shel', 'MacHoste', 'Shel@students.uonbi.ac.ke', 713833769, '4158', NULL),
(609, '47281', 'Cheri', 'Astie', 'Cheri@students.uonbi.ac.ke', 713833769, '7188', NULL),
(610, '50698', 'Kalina', 'Ginnell', 'Kalina@students.uonbi.ac.ke', 713833769, '8237', NULL),
(611, '68963', 'Casandra', 'Mylechreest', 'Casandra@students.uonbi.ac.ke', 713833769, '4068', NULL),
(612, '81604', 'Jabez', 'Perri', 'Jabez@students.uonbi.ac.ke', 713833769, '7601', NULL),
(613, '55205', 'Angie', 'Lints', 'Angie@students.uonbi.ac.ke', 713833769, '6891', NULL),
(614, '98780', 'Annis', 'Simionescu', 'Annis@students.uonbi.ac.ke', 713833769, '9873', NULL),
(615, '96263', 'Allen', 'Frail', 'Allen@students.uonbi.ac.ke', 713833769, '8684', NULL),
(616, '29303', 'Marchall', 'Moodey', 'Marchall@students.uonbi.ac.ke', 713833769, '9687', NULL),
(617, '88437', 'Nissie', 'Asker', 'Nissie@students.uonbi.ac.ke', 713833769, '4150', NULL),
(618, '34239', 'Rodolfo', 'Dwire', 'Rodolfo@students.uonbi.ac.ke', 713833769, '3411', NULL),
(619, '50471', 'Molli', 'Rundle', 'Molli@students.uonbi.ac.ke', 713833769, '8168', NULL),
(620, '97097', 'Daveta', 'Kleinbaum', 'Daveta@students.uonbi.ac.ke', 713833769, '6106', NULL),
(621, '75615', 'Carmel', 'Plose', 'Carmel@students.uonbi.ac.ke', 713833769, '9573', NULL),
(622, '93366', 'Lizzie', 'Puttan', 'Lizzie@students.uonbi.ac.ke', 713833769, '7544', NULL),
(623, '36989', 'Neale', 'Mangenot', 'Neale@students.uonbi.ac.ke', 713833769, '6267', NULL),
(624, '90317', 'Jeniffer', 'Lathaye', 'Jeniffer@students.uonbi.ac.ke', 713833769, '5066', NULL),
(625, '32588', 'Michaela', 'Debling', 'Michaela@students.uonbi.ac.ke', 713833769, '5417', NULL),
(626, '50199', 'Olly', 'Sex', 'Olly@students.uonbi.ac.ke', 713833769, '3116', NULL),
(627, '96508', 'Merrile', 'Utley', 'Merrile@students.uonbi.ac.ke', 713833769, '9508', NULL),
(628, '17820', 'Torry', 'Coath', 'Torry@students.uonbi.ac.ke', 713833769, '3222', NULL),
(629, '20117', 'Salomon', 'Hewkin', 'Salomon@students.uonbi.ac.ke', 713833769, '6323', NULL),
(630, '40905', 'Erin', 'Poizer', 'Erin@students.uonbi.ac.ke', 713833769, '4554', NULL),
(631, '22314', 'Ursala', 'Marielle', 'Ursala@students.uonbi.ac.ke', 713833769, '3317', NULL),
(632, '90629', 'Fayth', 'Panting', 'Fayth@students.uonbi.ac.ke', 713833769, '5640', NULL),
(633, '26688', 'Elsi', 'Earles', 'Elsi@students.uonbi.ac.ke', 713833769, '7945', NULL),
(634, '75365', 'Marybelle', 'Bartolomucci', 'Marybelle@students.uonbi.ac.ke', 713833769, '8734', NULL),
(635, '24403', 'Francesca', 'Karolewski', 'Francesca@students.uonbi.ac.ke', 713833769, '9303', NULL),
(636, '37682', 'Ursula', 'Barter', 'Ursula@students.uonbi.ac.ke', 713833769, '7503', NULL),
(637, '40490', 'Deane', 'Dewhurst', 'Deane@students.uonbi.ac.ke', 713833769, '6197', NULL),
(638, '85855', 'Wilmer', 'Povey', 'Wilmer@students.uonbi.ac.ke', 713833769, '9386', NULL),
(639, '98455', 'Clementius', 'Bartolomeazzi', 'Clementius@students.uonbi.ac.ke', 713833769, '6742', NULL),
(640, '35742', 'Nataniel', 'Upcraft', 'Nataniel@students.uonbi.ac.ke', 713833769, '6349', NULL),
(641, '97578', 'Genny', 'Jacklings', 'Genny@students.uonbi.ac.ke', 713833769, '5877', NULL),
(642, '37370', 'Brigitta', 'Bischoff', 'Brigitta@students.uonbi.ac.ke', 713833769, '3404', NULL),
(643, '23406', 'Melisse', 'Mcasparan', 'Melisse@students.uonbi.ac.ke', 713833769, '6914', NULL),
(644, '70672', 'Eustace', 'Gulleford', 'Eustace@students.uonbi.ac.ke', 713833769, '8208', NULL),
(645, '65259', 'Nanci', 'Janew', 'Nanci@students.uonbi.ac.ke', 713833769, '4475', NULL),
(646, '32007', 'Easter', 'Standen', 'Easter@students.uonbi.ac.ke', 713833769, '6860', NULL),
(647, '46509', 'Jackelyn', 'Stuther', 'Jackelyn@students.uonbi.ac.ke', 713833769, '9423', NULL),
(648, '14909', 'Rosina', 'Degg', 'Rosina@students.uonbi.ac.ke', 713833769, '3463', NULL),
(649, '77785', 'Romonda', 'Gillitt', 'Romonda@students.uonbi.ac.ke', 713833769, '7066', NULL),
(650, '38606', 'Dee', 'Rowley', 'Dee@students.uonbi.ac.ke', 713833769, '5010', NULL),
(651, '34163', 'Myriam', 'Whorton', 'Myriam@students.uonbi.ac.ke', 713833769, '3295', NULL),
(652, '45672', 'Maryjane', 'Tudor', 'Maryjane@students.uonbi.ac.ke', 713833769, '8730', NULL),
(653, '69764', 'Norene', 'Brighouse', 'Norene@students.uonbi.ac.ke', 713833769, '6833', NULL),
(654, '89519', 'Jobie', 'Tigwell', 'Jobie@students.uonbi.ac.ke', 713833769, '9950', NULL),
(655, '20169', 'Corri', 'Storr', 'Corri@students.uonbi.ac.ke', 713833769, '4792', NULL),
(656, '91195', 'Giffie', 'Acum', 'Giffie@students.uonbi.ac.ke', 713833769, '5073', NULL),
(657, '64712', 'Corine', 'Rizzi', 'Corine@students.uonbi.ac.ke', 713833769, '7485', NULL),
(658, '11105', 'Aloysia', 'Poveleye', 'Aloysia@students.uonbi.ac.ke', 713833769, '3320', NULL),
(659, '55003', 'Abby', 'Bardwell', 'Abby@students.uonbi.ac.ke', 713833769, '8165', NULL),
(660, '10555', 'Albie', 'Kerner', 'Albie@students.uonbi.ac.ke', 713833769, '6227', NULL),
(661, '20268', 'Ruy', 'Nunns', 'Ruy@students.uonbi.ac.ke', 713833769, '7601', NULL),
(662, '19983', 'Bernita', 'Huckerby', 'Bernita@students.uonbi.ac.ke', 713833769, '5919', NULL),
(663, '33380', 'Sonnie', 'Gauch', 'Sonnie@students.uonbi.ac.ke', 713833769, '8702', NULL),
(664, '30554', 'Minna', 'Klimushev', 'Minna@students.uonbi.ac.ke', 713833769, '8776', NULL),
(665, '50199', 'Creight', 'Purslow', 'Creight@students.uonbi.ac.ke', 713833769, '7059', NULL),
(666, '69124', 'Terrel', 'Hartil', 'Terrel@students.uonbi.ac.ke', 713833769, '9733', NULL),
(667, '30794', 'Ebonee', 'Sheber', 'Ebonee@students.uonbi.ac.ke', 713833769, '6661', NULL),
(668, '88330', 'Lennie', 'Peggs', 'Lennie@students.uonbi.ac.ke', 713833769, '9478', NULL),
(669, '48460', 'Robin', 'Atkirk', 'Robin@students.uonbi.ac.ke', 713833769, '9500', NULL),
(670, '62091', 'Reagen', 'Sankey', 'Reagen@students.uonbi.ac.ke', 713833769, '4803', NULL),
(671, '49621', 'Estevan', 'Siccombe', 'Estevan@students.uonbi.ac.ke', 713833769, '9427', NULL),
(672, '71242', 'Bjorn', 'Myner', 'Bjorn@students.uonbi.ac.ke', 713833769, '8764', NULL),
(673, '18239', 'Amelina', 'Worts', 'Amelina@students.uonbi.ac.ke', 713833769, '9500', NULL),
(674, '14446', 'Stafani', 'Clausner', 'Stafani@students.uonbi.ac.ke', 713833769, '5553', NULL),
(675, '58424', 'Loise', 'Yegoshin', 'Loise@students.uonbi.ac.ke', 713833769, '8655', NULL),
(676, '89382', 'Grayce', 'Crisell', 'Grayce@students.uonbi.ac.ke', 713833769, '4174', NULL),
(677, '78702', 'Uri', 'Bispham', 'Uri@students.uonbi.ac.ke', 713833769, '4081', NULL),
(678, '79830', 'Floris', 'Blunt', 'Floris@students.uonbi.ac.ke', 713833769, '3283', NULL),
(679, '31539', 'Liane', 'Aldersley', 'Liane@students.uonbi.ac.ke', 713833769, '3430', NULL),
(680, '70571', 'Krissie', 'Westcot', 'Krissie@students.uonbi.ac.ke', 713833769, '8052', NULL),
(681, '78900', 'Baxter', 'Dillingham', 'Baxter@students.uonbi.ac.ke', 713833769, '3452', NULL),
(682, '86589', 'Mellicent', 'Whyatt', 'Mellicent@students.uonbi.ac.ke', 713833769, '7212', NULL),
(683, '92303', 'Sonya', 'Hembling', 'Sonya@students.uonbi.ac.ke', 713833769, '6247', NULL),
(684, '46600', 'Fran', 'Prynne', 'Fran@students.uonbi.ac.ke', 713833769, '4424', NULL),
(685, '45253', 'Anneliese', 'Clery', 'Anneliese@students.uonbi.ac.ke', 713833769, '7068', NULL),
(686, '30771', 'Clevie', 'Sumpton', 'Clevie@students.uonbi.ac.ke', 713833769, '9806', NULL),
(687, '83533', 'Josephine', 'Acors', 'Josephine@students.uonbi.ac.ke', 713833769, '3931', NULL),
(688, '83740', 'Catlaina', 'Karpinski', 'Catlaina@students.uonbi.ac.ke', 713833769, '4965', NULL),
(689, '41523', 'Fin', 'Fleay', 'Fin@students.uonbi.ac.ke', 713833769, '6909', NULL),
(690, '90141', 'Eolande', 'Payn', 'Eolande@students.uonbi.ac.ke', 713833769, '8135', NULL),
(691, '40512', 'Xenos', 'Gillies', 'Xenos@students.uonbi.ac.ke', 713833769, '9015', NULL),
(692, '89719', 'Miof mela', 'Gheeorghie', 'Miof mela@students.uonbi.ac.ke', 713833769, '8647', NULL),
(693, '34699', 'Merv', 'Yurkevich', 'Merv@students.uonbi.ac.ke', 713833769, '6003', NULL),
(694, '73296', 'Leslie', 'Bristoe', 'Leslie@students.uonbi.ac.ke', 713833769, '3139', NULL),
(695, '50255', 'Brandon', 'Kellert', 'Brandon@students.uonbi.ac.ke', 713833769, '3457', NULL),
(696, '60548', 'Dania', 'Chasen', 'Dania@students.uonbi.ac.ke', 713833769, '7154', NULL),
(697, '24891', 'Camella', 'Meatcher', 'Camella@students.uonbi.ac.ke', 713833769, '7139', NULL),
(698, '12240', 'Clerissa', 'Trainer', 'Clerissa@students.uonbi.ac.ke', 713833769, '7354', NULL),
(699, '76256', 'Madlen', 'Dyball', 'Madlen@students.uonbi.ac.ke', 713833769, '3035', NULL),
(700, '44941', 'Yankee', 'Lared', 'Yankee@students.uonbi.ac.ke', 713833769, '4976', NULL),
(701, '92359', 'Ibbie', 'Corbet', 'Ibbie@students.uonbi.ac.ke', 713833769, '9586', NULL),
(702, '94281', 'Costa', 'Rodson', 'Costa@students.uonbi.ac.ke', 713833769, '7061', NULL),
(703, '77491', 'Tracie', 'Turton', 'Tracie@students.uonbi.ac.ke', 713833769, '7499', NULL),
(704, '83226', 'Kev', 'Hurren', 'Kev@students.uonbi.ac.ke', 713833769, '3112', NULL),
(705, '12338', 'Wally', 'Peatman', 'Wally@students.uonbi.ac.ke', 713833769, '4879', NULL),
(706, '25268', 'Adella', 'Authers', 'Adella@students.uonbi.ac.ke', 713833769, '9946', NULL),
(707, '11618', 'Borden', 'Brashier', 'Borden@students.uonbi.ac.ke', 713833769, '9191', NULL),
(708, '88519', 'Audrie', 'Sparkwill', 'Audrie@students.uonbi.ac.ke', 713833769, '7442', NULL),
(709, '18679', 'Melvin', 'Devonport', 'Melvin@students.uonbi.ac.ke', 713833769, '5777', NULL),
(710, '56505', 'Quentin', 'Baldacchino', 'Quentin@students.uonbi.ac.ke', 713833769, '8223', NULL),
(711, '25353', 'Nerta', 'Steptow', 'Nerta@students.uonbi.ac.ke', 713833769, '7269', NULL),
(712, '56131', 'Kinna', 'Shemming', 'Kinna@students.uonbi.ac.ke', 713833769, '7929', NULL),
(713, '53927', 'Alane', 'Gilleon', 'Alane@students.uonbi.ac.ke', 713833769, '9259', NULL),
(714, '90195', 'Tab', 'Matczak', 'Tab@students.uonbi.ac.ke', 713833769, '5740', NULL),
(715, '75026', 'Mirna', 'Meffin', 'Mirna@students.uonbi.ac.ke', 713833769, '8867', NULL),
(716, '69752', 'Brooke', 'Duignan', 'Brooke@students.uonbi.ac.ke', 713833769, '9158', NULL),
(717, '40239', 'Paola', 'Waugh', 'Paola@students.uonbi.ac.ke', 713833769, '7312', NULL),
(718, '72182', 'Barry', 'Petters', 'Barry@students.uonbi.ac.ke', 713833769, '9200', NULL),
(719, '13884', 'Carmelle', 'Parncutt', 'Carmelle@students.uonbi.ac.ke', 713833769, '6385', NULL),
(720, '93047', 'Fernanda', 'Olliffe', 'Fernanda@students.uonbi.ac.ke', 713833769, '9635', NULL),
(721, '65665', 'Waite', 'Kohn', 'Waite@students.uonbi.ac.ke', 713833769, '9891', NULL),
(722, '76144', 'Joeann', 'Killimister', 'Joeann@students.uonbi.ac.ke', 713833769, '9164', NULL),
(723, '56602', 'Regan', 'Dubarry', 'Regan@students.uonbi.ac.ke', 713833769, '5850', NULL),
(724, '19478', 'Glori', 'Rearden', 'Glori@students.uonbi.ac.ke', 713833769, '8012', NULL),
(725, '81785', 'Gray', 'Adne', 'Gray@students.uonbi.ac.ke', 713833769, '6800', NULL),
(726, '62725', 'Alisa', 'Forster', 'Alisa@students.uonbi.ac.ke', 713833769, '3907', NULL),
(727, '87274', 'Massimo', 'Laughrey', 'Massimo@students.uonbi.ac.ke', 713833769, '9061', NULL),
(728, '77925', 'Kellby', 'Collingridge', 'Kellby@students.uonbi.ac.ke', 713833769, '6478', NULL),
(729, '39091', 'Valina', 'Beatey', 'Valina@students.uonbi.ac.ke', 713833769, '6413', NULL),
(730, '72984', 'Valma', 'Rivers', 'Valma@students.uonbi.ac.ke', 713833769, '6976', NULL),
(731, '85241', 'Englebert', 'Tudbald', 'Englebert@students.uonbi.ac.ke', 713833769, '8598', NULL),
(732, '57311', 'Marylynne', 'Graine', 'Marylynne@students.uonbi.ac.ke', 713833769, '6357', NULL),
(733, '12197', 'Margaretha', 'Godar', 'Margaretha@students.uonbi.ac.ke', 713833769, '4027', NULL),
(734, '47785', 'Amara', 'Eytel', 'Amara@students.uonbi.ac.ke', 713833769, '7112', NULL),
(735, '42050', 'Madeleine', 'Mattisssen', 'Madeleine@students.uonbi.ac.ke', 713833769, '7848', NULL),
(736, '81831', 'Zollie', 'Morch', 'Zollie@students.uonbi.ac.ke', 713833769, '8727', NULL),
(737, '23053', 'Darsey', 'Kinnerk', 'Darsey@students.uonbi.ac.ke', 713833769, '8222', NULL),
(738, '24110', 'Arlina', 'Speight', 'Arlina@students.uonbi.ac.ke', 713833769, '6669', NULL),
(739, '86189', 'Friederike', 'Chiplen', 'Friederike@students.uonbi.ac.ke', 713833769, '3367', NULL),
(740, '54539', 'Vanessa', 'Maile', 'Vanessa@students.uonbi.ac.ke', 713833769, '8620', NULL),
(741, '91964', 'Daffie', 'Moraleda', 'Daffie@students.uonbi.ac.ke', 713833769, '9842', NULL),
(742, '78212', 'Roseanne', 'Julien', 'Roseanne@students.uonbi.ac.ke', 713833769, '5389', NULL),
(743, '15892', 'Katheryn', 'Grindall', 'Katheryn@students.uonbi.ac.ke', 713833769, '4487', NULL),
(744, '25271', 'Phylis', 'Canland', 'Phylis@students.uonbi.ac.ke', 713833769, '8077', NULL),
(745, '62016', 'Mignon', 'Burgin', 'Mignon@students.uonbi.ac.ke', 713833769, '9921', NULL),
(746, '76251', 'Kitty', 'Piscotti', 'Kitty@students.uonbi.ac.ke', 713833769, '6149', NULL),
(747, '15753', 'Babb', 'Roeby', 'Babb@students.uonbi.ac.ke', 713833769, '8535', NULL),
(748, '97062', 'Van', 'Carvell', 'Van@students.uonbi.ac.ke', 713833769, '3771', NULL),
(749, '54840', 'Bili', 'Ferneyhough', 'Bili@students.uonbi.ac.ke', 713833769, '9634', NULL),
(750, '88932', 'Stephanie', 'Culpen', 'Stephanie@students.uonbi.ac.ke', 713833769, '8752', NULL),
(751, '30089', 'Claudette', 'Catford', 'Claudette@students.uonbi.ac.ke', 713833769, '8339', NULL),
(752, '38529', 'Joshia', 'Cussons', 'Joshia@students.uonbi.ac.ke', 713833769, '5587', NULL),
(753, '42945', 'Zorana', 'Hardistry', 'Zorana@students.uonbi.ac.ke', 713833769, '6170', NULL),
(754, '17061', 'Ethyl', 'Allmond', 'Ethyl@students.uonbi.ac.ke', 713833769, '4167', NULL),
(755, '47541', 'Larina', 'Tookill', 'Larina@students.uonbi.ac.ke', 713833769, '8683', NULL),
(756, '91859', 'Wilhelmine', 'Nisby', 'Wilhelmine@students.uonbi.ac.ke', 713833769, '4326', NULL),
(757, '32097', 'Holmes', 'Everall', 'Holmes@students.uonbi.ac.ke', 713833769, '5813', NULL),
(758, '68427', 'Lucie', 'Stanner', 'Lucie@students.uonbi.ac.ke', 713833769, '4292', NULL),
(759, '93933', 'Tybie', 'Yarnell', 'Tybie@students.uonbi.ac.ke', 713833769, '8044', NULL),
(760, '52891', 'Ailbert', 'Horribine', 'Ailbert@students.uonbi.ac.ke', 713833769, '8397', NULL),
(761, '82804', 'Melinde', 'Flippelli', 'Melinde@students.uonbi.ac.ke', 713833769, '7665', NULL),
(762, '75281', 'Ingelbert', 'Ollerhead', 'Ingelbert@students.uonbi.ac.ke', 713833769, '9031', NULL),
(763, '42364', 'Stanwood', 'Mountfort', 'Stanwood@students.uonbi.ac.ke', 713833769, '9874', NULL),
(764, '11052', 'Jemmy', 'Fist', 'Jemmy@students.uonbi.ac.ke', 713833769, '4491', NULL),
(765, '14802', 'Casie', 'Chasles', 'Casie@students.uonbi.ac.ke', 713833769, '5305', NULL),
(766, '22463', 'Basia', 'Lowry', 'Basia@students.uonbi.ac.ke', 713833769, '5254', NULL),
(767, '57848', 'Katine', 'Philo', 'Katine@students.uonbi.ac.ke', 713833769, '6389', NULL),
(768, '65782', 'Terrell', 'Littefair', 'Terrell@students.uonbi.ac.ke', 713833769, '9139', NULL),
(769, '26570', 'Marshal', 'Ingilson', 'Marshal@students.uonbi.ac.ke', 713833769, '3877', NULL),
(770, '35255', 'Norbert', 'Colebourne', 'Norbert@students.uonbi.ac.ke', 713833769, '5195', NULL),
(771, '37962', 'Gabi', 'Fedorski', 'Gabi@students.uonbi.ac.ke', 713833769, '9651', NULL),
(772, '40296', 'Cullin', 'Phelipeaux', 'Cullin@students.uonbi.ac.ke', 713833769, '7014', NULL),
(773, '12996', 'Kaitlynn', 'Lazell', 'Kaitlynn@students.uonbi.ac.ke', 713833769, '7857', NULL),
(774, '37077', 'Leigha', 'Dewitt', 'Leigha@students.uonbi.ac.ke', 713833769, '3091', NULL),
(775, '11481', 'Georgena', 'Jupe', 'Georgena@students.uonbi.ac.ke', 713833769, '9274', NULL),
(776, '71244', 'Mitchell', 'Dur', 'Mitchell@students.uonbi.ac.ke', 713833769, '3472', NULL),
(777, '78479', 'Brien', 'Steen', 'Brien@students.uonbi.ac.ke', 713833769, '5932', NULL),
(778, '12482', 'Arny', 'Commusso', 'Arny@students.uonbi.ac.ke', 713833769, '3386', NULL),
(779, '95132', 'Barb', 'Turvey', 'Barb@students.uonbi.ac.ke', 713833769, '8905', NULL),
(780, '18758', 'Seline', 'Aburrow', 'Seline@students.uonbi.ac.ke', 713833769, '8044', NULL),
(781, '63471', 'Terry', 'Maeer', 'Terry@students.uonbi.ac.ke', 713833769, '5341', NULL),
(782, '46832', 'Randi', 'Press', 'Randi@students.uonbi.ac.ke', 713833769, '4251', NULL),
(783, '54484', 'Lauri', 'Hurll', 'Lauri@students.uonbi.ac.ke', 713833769, '9960', NULL),
(784, '72625', 'Ernestus', 'Pantone', 'Ernestus@students.uonbi.ac.ke', 713833769, '6550', NULL),
(785, '90148', 'Lonny', 'Rumford', 'Lonny@students.uonbi.ac.ke', 713833769, '4050', NULL),
(786, '13451', 'Minnaminnie', 'Brunel', 'Minnaminnie@students.uonbi.ac.ke', 713833769, '4577', NULL),
(787, '57513', 'Abran', 'Wellbank', 'Abran@students.uonbi.ac.ke', 713833769, '6506', NULL),
(788, '29524', 'Cleo', 'Mahady', 'Cleo@students.uonbi.ac.ke', 713833769, '9977', NULL),
(789, '31311', 'Cristobal', 'Usborn', 'Cristobal@students.uonbi.ac.ke', 713833769, '3139', NULL),
(790, '22166', 'Filmer', 'Mallabone', 'Filmer@students.uonbi.ac.ke', 713833769, '4530', NULL),
(791, '40220', 'Flossy', 'Pennetta', 'Flossy@students.uonbi.ac.ke', 713833769, '9419', NULL),
(792, '74409', 'Nicoli', 'Trenbey', 'Nicoli@students.uonbi.ac.ke', 713833769, '3354', NULL),
(793, '25828', 'Ulrike', 'Pryde', 'Ulrike@students.uonbi.ac.ke', 713833769, '8776', NULL),
(794, '12211', 'Whitby', 'Ferro', 'Whitby@students.uonbi.ac.ke', 713833769, '4131', NULL),
(795, '25946', 'Nonie', 'Baugham', 'Nonie@students.uonbi.ac.ke', 713833769, '9730', NULL),
(796, '21779', 'Theressa', 'Corwood', 'Theressa@students.uonbi.ac.ke', 713833769, '8778', NULL),
(797, '63355', 'Ase', 'McDoual', 'Ase@students.uonbi.ac.ke', 713833769, '6494', NULL),
(798, '59757', 'Martina', 'Brimblecomb', 'Martina@students.uonbi.ac.ke', 713833769, '6698', NULL),
(799, '77998', 'Olav', 'Willmer', 'Olav@students.uonbi.ac.ke', 713833769, '8983', NULL),
(800, '74840', 'Florette', 'Hinkes', 'Florette@students.uonbi.ac.ke', 713833769, '7896', NULL),
(801, '86771', 'Townie', 'Filoniere', 'Townie@students.uonbi.ac.ke', 713833769, '4813', NULL),
(802, '64248', 'Elberta', 'Willgoss', 'Elberta@students.uonbi.ac.ke', 713833769, '5038', NULL),
(803, '99957', 'Kara-lynn', 'Qualtro', 'Kara-lynn@students.uonbi.ac.ke', 713833769, '8983', NULL),
(804, '12448', 'Kaspar', 'Schellig', 'Kaspar@students.uonbi.ac.ke', 713833769, '3386', NULL),
(805, '84941', 'Jaime', 'McCarrell', 'Jaime@students.uonbi.ac.ke', 713833769, '8576', NULL),
(806, '96826', 'Franciskus', 'Speers', 'Franciskus@students.uonbi.ac.ke', 713833769, '7229', NULL),
(807, '69253', 'Umeko', 'Cheeld', 'Umeko@students.uonbi.ac.ke', 713833769, '5336', NULL),
(808, '13561', 'Hadria', 'Melpuss', 'Hadria@students.uonbi.ac.ke', 713833769, '3786', NULL),
(809, '77250', 'Matteo', 'Dummer', 'Matteo@students.uonbi.ac.ke', 713833769, '6181', NULL),
(810, '72812', 'Filbert', 'MacAirt', 'Filbert@students.uonbi.ac.ke', 713833769, '8267', NULL),
(811, '93645', 'Harmonie', 'Pettegree', 'Harmonie@students.uonbi.ac.ke', 713833769, '7189', NULL),
(812, '40695', 'Taber', 'Jeafferson', 'Taber@students.uonbi.ac.ke', 713833769, '7207', NULL),
(813, '56836', 'Geri', 'Di Biaggi', 'Geri@students.uonbi.ac.ke', 713833769, '3847', NULL),
(814, '71634', 'Lu', 'Alster', 'Lu@students.uonbi.ac.ke', 713833769, '3132', NULL),
(815, '41323', 'Dorotea', 'Barkworth', 'Dorotea@students.uonbi.ac.ke', 713833769, '4196', NULL),
(816, '59623', 'Sharleen', 'Rivers', 'Sharleen@students.uonbi.ac.ke', 713833769, '5052', NULL),
(817, '98148', 'Kaia', 'Jenkerson', 'Kaia@students.uonbi.ac.ke', 713833769, '7110', NULL),
(818, '89372', 'Nevins', 'Lovart', 'Nevins@students.uonbi.ac.ke', 713833769, '9228', NULL),
(819, '64520', 'Alane', 'Padbery', 'Alane@students.uonbi.ac.ke', 713833769, '4212', NULL),
(820, '25492', 'Forster', 'Ericssen', 'Forster@students.uonbi.ac.ke', 713833769, '8880', NULL),
(821, '80141', 'Harlene', 'Girardetti', 'Harlene@students.uonbi.ac.ke', 713833769, '7730', NULL),
(822, '43869', 'Reider', 'Bowater', 'Reider@students.uonbi.ac.ke', 713833769, '3122', NULL),
(823, '33261', 'Chilton', 'Shouler', 'Chilton@students.uonbi.ac.ke', 713833769, '6523', NULL),
(824, '10043', 'Ernesto', 'Walton', 'Ernesto@students.uonbi.ac.ke', 713833769, '5039', NULL),
(825, '23120', 'Abram', 'Boxill', 'Abram@students.uonbi.ac.ke', 713833769, '9361', NULL),
(826, '38936', 'Arielle', 'Jzhakov', 'Arielle@students.uonbi.ac.ke', 713833769, '5363', NULL),
(827, '37476', 'Roy', 'MacLice', 'Roy@students.uonbi.ac.ke', 713833769, '4359', NULL),
(828, '17541', 'Myrah', 'Grieveson', 'Myrah@students.uonbi.ac.ke', 713833769, '3757', NULL),
(829, '79521', 'Cully', 'Clemetts', 'Cully@students.uonbi.ac.ke', 713833769, '5755', NULL),
(830, '67303', 'Gunar', 'Bischoff', 'Gunar@students.uonbi.ac.ke', 713833769, '6019', NULL),
(831, '11789', 'Dody', 'Denness', 'Dody@students.uonbi.ac.ke', 713833769, '8248', NULL),
(832, '54417', 'Flore', 'Cliffe', 'Flore@students.uonbi.ac.ke', 713833769, '4091', NULL),
(833, '29288', 'Almira', 'Candey', 'Almira@students.uonbi.ac.ke', 713833769, '3138', NULL),
(834, '80847', 'Colline', 'Bletsoe', 'Colline@students.uonbi.ac.ke', 713833769, '5560', NULL),
(835, '91058', 'Athena', 'Podbury', 'Athena@students.uonbi.ac.ke', 713833769, '4806', NULL),
(836, '21360', 'Trish', 'Devin', 'Trish@students.uonbi.ac.ke', 713833769, '7319', NULL),
(837, '92068', 'Letti', 'Thibodeaux', 'Letti@students.uonbi.ac.ke', 713833769, '7928', NULL),
(838, '21155', 'Townsend', 'Galero', 'Townsend@students.uonbi.ac.ke', 713833769, '3942', NULL),
(839, '62273', 'Shepherd', 'Toolan', 'Shepherd@students.uonbi.ac.ke', 713833769, '8857', NULL),
(840, '18103', 'Elianora', 'Charte', 'Elianora@students.uonbi.ac.ke', 713833769, '3015', NULL),
(841, '38626', 'Di', 'Speechley', 'Di@students.uonbi.ac.ke', 713833769, '5146', NULL),
(842, '95925', 'Andros', 'De Vuyst', 'Andros@students.uonbi.ac.ke', 713833769, '5997', NULL),
(843, '89893', 'Bambi', 'Reay', 'Bambi@students.uonbi.ac.ke', 713833769, '7029', NULL),
(844, '43869', 'Harmonie', 'Danilchik', 'Harmonie@students.uonbi.ac.ke', 713833769, '3962', NULL),
(845, '44369', 'Rosemonde', 'Thurlbeck', 'Rosemonde@students.uonbi.ac.ke', 713833769, '4580', NULL),
(846, '61640', 'Alidia', 'Toplin', 'Alidia@students.uonbi.ac.ke', 713833769, '3530', NULL),
(847, '47494', 'Vittorio', 'Kaiser', 'Vittorio@students.uonbi.ac.ke', 713833769, '9626', NULL),
(848, '84253', 'Titus', 'Janout', 'Titus@students.uonbi.ac.ke', 713833769, '9419', NULL),
(849, '25826', 'Cathrin', 'Robe', 'Cathrin@students.uonbi.ac.ke', 713833769, '5304', NULL),
(850, '90116', 'Jenni', 'Mathias', 'Jenni@students.uonbi.ac.ke', 713833769, '7117', NULL),
(851, '86822', 'Kirsten', 'Gonzalez', 'Kirsten@students.uonbi.ac.ke', 713833769, '8221', NULL),
(852, '30827', 'Dulsea', 'Japp', 'Dulsea@students.uonbi.ac.ke', 713833769, '8529', NULL),
(853, '81609', 'Saw', 'Linnard', 'Saw@students.uonbi.ac.ke', 713833769, '7296', NULL),
(854, '61212', 'Madlin', 'Giorgio', 'Madlin@students.uonbi.ac.ke', 713833769, '9660', NULL),
(855, '83946', 'Gale', 'Morrissey', 'Gale@students.uonbi.ac.ke', 713833769, '3303', NULL),
(856, '83769', 'Percy', 'Tice', 'Percy@students.uonbi.ac.ke', 713833769, '5675', NULL),
(857, '73437', 'Candis', 'Nigh', 'Candis@students.uonbi.ac.ke', 713833769, '6668', NULL),
(858, '65265', 'Cass', 'McGirl', 'Cass@students.uonbi.ac.ke', 713833769, '3309', NULL),
(859, '72046', 'Maxie', 'Tucknutt', 'Maxie@students.uonbi.ac.ke', 713833769, '6056', NULL),
(860, '37590', 'Truda', 'Tax', 'Truda@students.uonbi.ac.ke', 713833769, '4093', NULL),
(861, '75698', 'Gwyneth', 'Renoden', 'Gwyneth@students.uonbi.ac.ke', 713833769, '8883', NULL),
(862, '82460', 'Georgetta', 'Chasmor', 'Georgetta@students.uonbi.ac.ke', 713833769, '7188', NULL),
(863, '42442', 'Mano', 'Piddocke', 'Mano@students.uonbi.ac.ke', 713833769, '9500', NULL),
(864, '91603', 'Bobbee', 'Hoggetts', 'Bobbee@students.uonbi.ac.ke', 713833769, '4520', NULL),
(865, '81914', 'Verla', 'Randalston', 'Verla@students.uonbi.ac.ke', 713833769, '9462', NULL),
(866, '75903', 'Gilburt', 'Celes', 'Gilburt@students.uonbi.ac.ke', 713833769, '8583', NULL),
(867, '54933', 'Vassily', 'Paintain', 'Vassily@students.uonbi.ac.ke', 713833769, '9894', NULL),
(868, '41920', 'Tish', 'Merton', 'Tish@students.uonbi.ac.ke', 713833769, '4516', NULL),
(869, '89747', 'Debor', 'Glasscoo', 'Debor@students.uonbi.ac.ke', 713833769, '9205', NULL),
(870, '94014', 'Tarrance', 'Spendlove', 'Tarrance@students.uonbi.ac.ke', 713833769, '8294', NULL),
(871, '22222', 'Nessy', 'Fairfoot', 'Nessy@students.uonbi.ac.ke', 713833769, '3909', NULL),
(872, '61520', 'Mehetabel', 'Kippling', 'Mehetabel@students.uonbi.ac.ke', 713833769, '7784', NULL),
(873, '76521', 'Scott', 'McIlmurray', 'Scott@students.uonbi.ac.ke', 713833769, '7323', NULL),
(874, '61805', 'Neil', 'MacGilmartin', 'Neil@students.uonbi.ac.ke', 713833769, '7425', NULL),
(875, '94321', 'Vivienne', 'Brookbank', 'Vivienne@students.uonbi.ac.ke', 713833769, '6309', NULL),
(876, '76304', 'Jo-ann', 'Fishby', 'Jo-ann@students.uonbi.ac.ke', 713833769, '4336', NULL),
(877, '89444', 'Chrysler', 'Laurenty', 'Chrysler@students.uonbi.ac.ke', 713833769, '6001', NULL),
(878, '20801', 'Dodi', 'Manser', 'Dodi@students.uonbi.ac.ke', 713833769, '6689', NULL),
(879, '69657', 'Noell', 'Guerri', 'Noell@students.uonbi.ac.ke', 713833769, '4083', NULL),
(880, '46460', 'Theresa', 'Kubasek', 'Theresa@students.uonbi.ac.ke', 713833769, '4730', NULL),
(881, '77105', 'Ayn', 'Corona', 'Ayn@students.uonbi.ac.ke', 713833769, '9710', NULL),
(882, '64047', 'Bradford', 'Goatman', 'Bradford@students.uonbi.ac.ke', 713833769, '6355', NULL),
(883, '88699', 'Brod', 'Olwen', 'Brod@students.uonbi.ac.ke', 713833769, '5954', NULL),
(884, '78671', 'Sascha', 'Cescon', 'Sascha@students.uonbi.ac.ke', 713833769, '3924', NULL),
(885, '70492', 'Jillane', 'Bourner', 'Jillane@students.uonbi.ac.ke', 713833769, '8441', NULL),
(886, '87620', 'Florette', 'Prickett', 'Florette@students.uonbi.ac.ke', 713833769, '7060', NULL),
(887, '66902', 'Carin', 'Steers', 'Carin@students.uonbi.ac.ke', 713833769, '7299', NULL),
(888, '98047', 'Valeria', 'Vignal', 'Valeria@students.uonbi.ac.ke', 713833769, '8533', NULL),
(889, '47295', 'Ogden', 'Bedinham', 'Ogden@students.uonbi.ac.ke', 713833769, '6437', NULL),
(890, '49233', 'Zorana', 'Lurriman', 'Zorana@students.uonbi.ac.ke', 713833769, '3517', NULL),
(891, '87613', 'Jeth', 'Readett', 'Jeth@students.uonbi.ac.ke', 713833769, '4420', NULL),
(892, '62521', 'Madeline', 'Tomlin', 'Madeline@students.uonbi.ac.ke', 713833769, '5003', NULL),
(893, '27442', 'Carver', 'Shambrooke', 'Carver@students.uonbi.ac.ke', 713833769, '8311', NULL),
(894, '63989', 'Twyla', 'Radley', 'Twyla@students.uonbi.ac.ke', 713833769, '6025', NULL),
(895, '58049', 'Loree', 'Weiss', 'Loree@students.uonbi.ac.ke', 713833769, '6758', NULL),
(896, '60965', 'Sawyere', 'Ricson', 'Sawyere@students.uonbi.ac.ke', 713833769, '7229', NULL),
(897, '85518', 'Karin', 'Warters', 'Karin@students.uonbi.ac.ke', 713833769, '4567', NULL),
(898, '97574', 'Glynis', 'Clemon', 'Glynis@students.uonbi.ac.ke', 713833769, '3719', NULL),
(899, '46615', 'Mari', 'Chasmoor', 'Mari@students.uonbi.ac.ke', 713833769, '5422', NULL),
(900, '50838', 'Amalie', 'Clutterham', 'Amalie@students.uonbi.ac.ke', 713833769, '3503', NULL),
(901, '24853', 'Bobby', 'Berendsen', 'Bobby@students.uonbi.ac.ke', 713833769, '9090', NULL),
(902, '33996', 'Alix', 'Goldie', 'Alix@students.uonbi.ac.ke', 713833769, '3331', NULL),
(903, '67012', 'Byrann', 'Yewdall', 'Byrann@students.uonbi.ac.ke', 713833769, '8111', NULL),
(904, '75059', 'Willey', 'Ayling', 'Willey@students.uonbi.ac.ke', 713833769, '8033', NULL),
(905, '32058', 'Shalna', 'Itscowics', 'Shalna@students.uonbi.ac.ke', 713833769, '4368', NULL),
(906, '64486', 'Roseline', 'Mallinder', 'Roseline@students.uonbi.ac.ke', 713833769, '4903', NULL),
(907, '55878', 'Natasha', 'Obin', 'Natasha@students.uonbi.ac.ke', 713833769, '9727', NULL),
(908, '25524', 'Andres', 'Briant', 'Andres@students.uonbi.ac.ke', 713833769, '9493', NULL),
(909, '44867', 'Simona', 'Daintree', 'Simona@students.uonbi.ac.ke', 713833769, '3833', NULL),
(910, '84729', 'Hermann', 'Lammerich', 'Hermann@students.uonbi.ac.ke', 713833769, '4270', NULL),
(911, '37318', 'Guillemette', 'Treend', 'Guillemette@students.uonbi.ac.ke', 713833769, '7713', NULL),
(912, '15147', 'Avis', 'Sims', 'Avis@students.uonbi.ac.ke', 713833769, '8385', NULL),
(913, '88023', 'Doreen', 'Weightman', 'Doreen@students.uonbi.ac.ke', 713833769, '5360', NULL),
(914, '63120', 'Amabel', 'Nend', 'Amabel@students.uonbi.ac.ke', 713833769, '5813', NULL),
(915, '50682', 'Dorelle', 'Zywicki', 'Dorelle@students.uonbi.ac.ke', 713833769, '4860', NULL),
(916, '65204', 'Hewie', 'Bene', 'Hewie@students.uonbi.ac.ke', 713833769, '6594', NULL),
(917, '98968', 'Adolpho', 'Semmens', 'Adolpho@students.uonbi.ac.ke', 713833769, '3258', NULL),
(918, '52933', 'Luise', 'Hinchcliffe', 'Luise@students.uonbi.ac.ke', 713833769, '8014', NULL),
(919, '33819', 'Rani', 'Aulsford', 'Rani@students.uonbi.ac.ke', 713833769, '5195', NULL),
(920, '14823', 'Michaeline', 'Whiteside', 'Michaeline@students.uonbi.ac.ke', 713833769, '9749', NULL),
(921, '88067', 'Dulcie', 'Duffill', 'Dulcie@students.uonbi.ac.ke', 713833769, '8943', NULL),
(922, '18764', 'Leticia', 'Whitman', 'Leticia@students.uonbi.ac.ke', 713833769, '5595', NULL),
(923, '66891', 'Emory', 'Aylin', 'Emory@students.uonbi.ac.ke', 713833769, '5746', NULL),
(924, '75090', 'Filippa', 'Kohn', 'Filippa@students.uonbi.ac.ke', 713833769, '6487', NULL),
(925, '94853', 'Otis', 'MacCardle', 'Otis@students.uonbi.ac.ke', 713833769, '8974', NULL),
(926, '83504', 'Geordie', 'Karolovsky', 'Geordie@students.uonbi.ac.ke', 713833769, '6715', NULL),
(927, '63403', 'Nels', 'Ryhorovich', 'Nels@students.uonbi.ac.ke', 713833769, '8827', NULL),
(928, '72473', 'Nealson', 'Arney', 'Nealson@students.uonbi.ac.ke', 713833769, '5640', NULL),
(929, '18658', 'Gleda', 'Mingey', 'Gleda@students.uonbi.ac.ke', 713833769, '7639', NULL),
(930, '73641', 'Kaja', 'Tenney', 'Kaja@students.uonbi.ac.ke', 713833769, '4217', NULL),
(931, '62480', 'Lorinda', 'Flucker', 'Lorinda@students.uonbi.ac.ke', 713833769, '5250', NULL),
(932, '53371', 'Melody', 'McKendo', 'Melody@students.uonbi.ac.ke', 713833769, '5025', NULL),
(933, '61652', 'Liam', 'Govinlock', 'Liam@students.uonbi.ac.ke', 713833769, '9341', NULL),
(934, '94225', 'Melony', 'Perfili', 'Melony@students.uonbi.ac.ke', 713833769, '8384', NULL),
(935, '36703', 'Lark', 'Stafford', 'Lark@students.uonbi.ac.ke', 713833769, '8114', NULL),
(936, '49599', 'Alasdair', 'Dinsdale', 'Alasdair@students.uonbi.ac.ke', 713833769, '7888', NULL),
(937, '79893', 'Chrysa', 'Chettle', 'Chrysa@students.uonbi.ac.ke', 713833769, '3660', NULL),
(938, '47079', 'Abbie', 'Atkinson', 'Abbie@students.uonbi.ac.ke', 713833769, '8526', NULL),
(939, '59139', 'Claudina', 'Belliard', 'Claudina@students.uonbi.ac.ke', 713833769, '6541', NULL),
(940, '60723', 'Gannon', 'Kohnemann', 'Gannon@students.uonbi.ac.ke', 713833769, '5036', NULL),
(941, '57306', 'Armstrong', 'Iveans', 'Armstrong@students.uonbi.ac.ke', 713833769, '5944', NULL),
(942, '47375', 'Gipsy', 'Keneforde', 'Gipsy@students.uonbi.ac.ke', 713833769, '5211', NULL),
(943, '61430', 'Brian', 'Galliard', 'Brian@students.uonbi.ac.ke', 713833769, '5107', NULL),
(944, '48974', 'Witty', 'McCreath', 'Witty@students.uonbi.ac.ke', 713833769, '8994', NULL),
(945, '73511', 'Hunter', 'Carling', 'Hunter@students.uonbi.ac.ke', 713833769, '9218', NULL),
(946, '36369', 'Robinet', 'Shoebrook', 'Robinet@students.uonbi.ac.ke', 713833769, '5002', NULL),
(947, '11227', 'Rodrick', 'Diboll', 'Rodrick@students.uonbi.ac.ke', 713833769, '3193', NULL),
(948, '39355', 'Jacenta', 'Fretson', 'Jacenta@students.uonbi.ac.ke', 713833769, '3715', NULL),
(949, '37314', 'Katina', 'Tucsell', 'Katina@students.uonbi.ac.ke', 713833769, '6065', NULL),
(950, '68191', 'Dolores', 'Bassill', 'Dolores@students.uonbi.ac.ke', 713833769, '5445', NULL),
(951, '11597', 'Melisande', 'Jory', 'Melisande@students.uonbi.ac.ke', 713833769, '5934', NULL),
(952, '37941', 'Danyelle', 'Nazer', 'Danyelle@students.uonbi.ac.ke', 713833769, '8508', NULL),
(953, '17560', 'Monah', 'Jerwood', 'Monah@students.uonbi.ac.ke', 713833769, '9143', NULL),
(954, '67288', 'Josias', 'Danjoie', 'Josias@students.uonbi.ac.ke', 713833769, '4179', NULL),
(955, '69042', 'Donall', 'McGlaud', 'Donall@students.uonbi.ac.ke', 713833769, '9079', NULL),
(956, '17817', 'Carolan', 'Fellis', 'Carolan@students.uonbi.ac.ke', 713833769, '5193', NULL),
(957, '83404', 'Desirae', 'Kimmerling', 'Desirae@students.uonbi.ac.ke', 713833769, '7038', NULL),
(958, '54607', 'Gabriela', 'Guinn', 'Gabriela@students.uonbi.ac.ke', 713833769, '5384', NULL),
(959, '46269', 'Veda', 'Woodthorpe', 'Veda@students.uonbi.ac.ke', 713833769, '8732', NULL),
(960, '21078', 'Ronnie', 'Richardeau', 'Ronnie@students.uonbi.ac.ke', 713833769, '9714', NULL),
(961, '60434', 'Margi', 'Padbery', 'Margi@students.uonbi.ac.ke', 713833769, '7477', NULL),
(962, '52574', 'Jake', 'Jaszczak', 'Jake@students.uonbi.ac.ke', 713833769, '5767', NULL),
(963, '70414', 'Eberhard', 'Vesco', 'Eberhard@students.uonbi.ac.ke', 713833769, '8582', NULL),
(964, '72446', 'Giacopo', 'Hammatt', 'Giacopo@students.uonbi.ac.ke', 713833769, '5241', NULL),
(965, '76105', 'Uriel', 'Denisevich', 'Uriel@students.uonbi.ac.ke', 713833769, '3790', NULL),
(966, '93748', 'Caren', 'Derr', 'Caren@students.uonbi.ac.ke', 713833769, '3589', NULL),
(967, '57210', 'Papagena', 'Doolan', 'Papagena@students.uonbi.ac.ke', 713833769, '5362', NULL),
(968, '75676', 'Moshe', 'Headings', 'Moshe@students.uonbi.ac.ke', 713833769, '7520', NULL),
(969, '25089', 'Gratiana', 'Flory', 'Gratiana@students.uonbi.ac.ke', 713833769, '4396', NULL),
(970, '48475', 'Dedra', 'Blazewski', 'Dedra@students.uonbi.ac.ke', 713833769, '3467', NULL),
(971, '92567', 'Meara', 'Meltetal', 'Meara@students.uonbi.ac.ke', 713833769, '6711', NULL),
(972, '73280', 'Dylan', 'Ingleton', 'Dylan@students.uonbi.ac.ke', 713833769, '5488', NULL),
(973, '85833', 'Georgeanna', 'Hanscombe', 'Georgeanna@students.uonbi.ac.ke', 713833769, '9861', NULL),
(974, '71323', 'Kip', 'Loffel', 'Kip@students.uonbi.ac.ke', 713833769, '7441', NULL),
(975, '12148', 'Avrit', 'Kiebes', 'Avrit@students.uonbi.ac.ke', 713833769, '9718', NULL),
(976, '81939', 'Minni', 'Goldsbrough', 'Minni@students.uonbi.ac.ke', 713833769, '5253', NULL),
(977, '72225', 'Mela', 'Scalera', 'Mela@students.uonbi.ac.ke', 713833769, '8627', NULL),
(978, '94169', 'Gan', 'Whitfield', 'Gan@students.uonbi.ac.ke', 713833769, '8532', NULL),
(979, '99777', 'Kellyann', 'Scogin', 'Kellyann@students.uonbi.ac.ke', 713833769, '4661', NULL),
(980, '94744', 'Sheba', 'Murrhardt', 'Sheba@students.uonbi.ac.ke', 713833769, '5873', NULL),
(981, '60242', 'Meredith', 'Childs', 'Meredith@students.uonbi.ac.ke', 713833769, '3341', NULL),
(982, '64612', 'Cooper', 'Bernocchi', 'Cooper@students.uonbi.ac.ke', 713833769, '8376', NULL),
(983, '86973', 'Orlando', 'Bangiard', 'Orlando@students.uonbi.ac.ke', 713833769, '4669', NULL),
(984, '64398', 'Ardelia', 'Pavis', 'Ardelia@students.uonbi.ac.ke', 713833769, '9824', NULL),
(985, '71087', 'Shayne', 'Baldree', 'Shayne@students.uonbi.ac.ke', 713833769, '7584', NULL),
(986, '65411', 'Maryanne', 'Reichelt', 'Maryanne@students.uonbi.ac.ke', 713833769, '5896', NULL),
(987, '67634', 'Mirilla', 'Gadie', 'Mirilla@students.uonbi.ac.ke', 713833769, '6554', NULL),
(988, '63359', 'Jakie', 'Hadwick', 'Jakie@students.uonbi.ac.ke', 713833769, '5606', NULL),
(989, '63321', 'Evyn', 'Edie', 'Evyn@students.uonbi.ac.ke', 713833769, '6086', NULL),
(990, '37441', 'Vincent', 'Foort', 'Vincent@students.uonbi.ac.ke', 713833769, '4669', NULL),
(991, '99408', 'Bernhard', 'Laughlan', 'Bernhard@students.uonbi.ac.ke', 713833769, '9621', NULL),
(992, '30830', 'Jasper', 'McGenn', 'Jasper@students.uonbi.ac.ke', 713833769, '6091', NULL),
(993, '58311', 'Auria', 'St. Paul', 'Auria@students.uonbi.ac.ke', 713833769, '4286', NULL),
(994, '34051', 'Annissa', 'Ziemens', 'Annissa@students.uonbi.ac.ke', 713833769, '4728', NULL),
(995, '94358', 'Fay', 'Sheather', 'Fay@students.uonbi.ac.ke', 713833769, '8751', NULL),
(996, '80210', 'Hanson', 'Cousen', 'Hanson@students.uonbi.ac.ke', 713833769, '7185', NULL),
(997, '92936', 'Guinna', 'Plowell', 'Guinna@students.uonbi.ac.ke', 713833769, '5371', NULL),
(998, '27626', 'Jolee', 'Wilks', 'Jolee@students.uonbi.ac.ke', 713833769, '3813', NULL),
(999, '45559', 'Kayla', 'Scholte', 'Kayla@students.uonbi.ac.ke', 713833769, '7468', NULL),
(1000, '22568', 'Sawyer', 'McKenny', 'Sawyer@students.uonbi.ac.ke', 713833769, '3370', NULL);

-- --------------------------------------------------------

--
-- Table structure for table `representativePosts`
--

CREATE TABLE `representativePosts` (
  `id` int(11) NOT NULL,
  `level` int(10) NOT NULL,
  `post_title` varchar(100) NOT NULL
) ENGINE=InnoDB DEFAULT CHARSET=latin1;

--
-- Dumping data for table `representativePosts`
--

INSERT INTO `representativePosts` (`id`, `level`, `post_title`) VALUES
(1, 1, 'Chairperson'),
(2, 1, 'Vice Chairperson'),
(3, 1, 'Academics Secretary general'),
(4, 1, 'Organising secretary'),
(5, 1, 'Treasurer'),
(6, 1, 'Sports & Entertainment Secretaty'),
(7, 1, 'Health, Accomodation & Catering secretary'),
(8, 1, 'Gender Affairs');

-- --------------------------------------------------------

--
-- Table structure for table `results`
--

CREATE TABLE `results` (
  `contestant` varchar(100) NOT NULL,
  `votes` int(100) NOT NULL,
  `numberOfVoters` int(100) NOT NULL
) ENGINE=InnoDB DEFAULT CHARSET=latin1;

-- --------------------------------------------------------

--
-- Table structure for table `votes`
--

CREATE TABLE `votes` (
  `student_id` varchar(100) NOT NULL,
  `contestant_id` int(11) NOT NULL,
  `post_id` int(11) NOT NULL
) ENGINE=InnoDB DEFAULT CHARSET=latin1;

--
-- Dumping data for table `votes`
--

INSERT INTO `votes` (`student_id`, `contestant_id`, `post_id`) VALUES
('13b40d361371b860c6af3610bb6bebdd3450a29c145502db8ce44040f02d5ae3', 714660, 1),
('13b40d361371b860c6af3610bb6bebdd3450a29c145502db8ce44040f02d5ae3', 638336, 2),
('13b40d361371b860c6af3610bb6bebdd3450a29c145502db8ce44040f02d5ae3', 695810, 3),
('13b40d361371b860c6af3610bb6bebdd3450a29c145502db8ce44040f02d5ae3', 846206, 4),
('13b40d361371b860c6af3610bb6bebdd3450a29c145502db8ce44040f02d5ae3', 706455, 5),
('13b40d361371b860c6af3610bb6bebdd3450a29c145502db8ce44040f02d5ae3', 282864, 6),
('13b40d361371b860c6af3610bb6bebdd3450a29c145502db8ce44040f02d5ae3', 708717, 7),
('13b40d361371b860c6af3610bb6bebdd3450a29c145502db8ce44040f02d5ae3', 910209, 8),
('3b2d60861948d89db2e51da396981b97319969dcbeaa60e21fe88c37b43c95b8', 714660, 1),
('3b2d60861948d89db2e51da396981b97319969dcbeaa60e21fe88c37b43c95b8', 472042, 2),
('3b2d60861948d89db2e51da396981b97319969dcbeaa60e21fe88c37b43c95b8', 695810, 3),
('3b2d60861948d89db2e51da396981b97319969dcbeaa60e21fe88c37b43c95b8', 846206, 4),
('3b2d60861948d89db2e51da396981b97319969dcbeaa60e21fe88c37b43c95b8', 706455, 5),
('3b2d60861948d89db2e51da396981b97319969dcbeaa60e21fe88c37b43c95b8', 282864, 6),
('3b2d60861948d89db2e51da396981b97319969dcbeaa60e21fe88c37b43c95b8', 708717, 7),
('3b2d60861948d89db2e51da396981b97319969dcbeaa60e21fe88c37b43c95b8', 327357, 8),
('2d348e95973d104d0074f9c266e7fcb7d6fe1cccceb18349e5eecc8474125b81', 688539, 1),
('2d348e95973d104d0074f9c266e7fcb7d6fe1cccceb18349e5eecc8474125b81', 638336, 2),
('2d348e95973d104d0074f9c266e7fcb7d6fe1cccceb18349e5eecc8474125b81', 695810, 3),
('2d348e95973d104d0074f9c266e7fcb7d6fe1cccceb18349e5eecc8474125b81', 846206, 4),
('2d348e95973d104d0074f9c266e7fcb7d6fe1cccceb18349e5eecc8474125b81', 154686, 5),
('2d348e95973d104d0074f9c266e7fcb7d6fe1cccceb18349e5eecc8474125b81', 282864, 6),
('2d348e95973d104d0074f9c266e7fcb7d6fe1cccceb18349e5eecc8474125b81', 708717, 7),
('2d348e95973d104d0074f9c266e7fcb7d6fe1cccceb18349e5eecc8474125b81', 774486, 8),
('350d0f481cb04678a742a521b005a26d650396e057210bcc8f0898d45e30e1bb', 832989, 1),
('350d0f481cb04678a742a521b005a26d650396e057210bcc8f0898d45e30e1bb', 638336, 2),
('350d0f481cb04678a742a521b005a26d650396e057210bcc8f0898d45e30e1bb', 695810, 3),
('350d0f481cb04678a742a521b005a26d650396e057210bcc8f0898d45e30e1bb', 846206, 4),
('350d0f481cb04678a742a521b005a26d650396e057210bcc8f0898d45e30e1bb', 706455, 5),
('350d0f481cb04678a742a521b005a26d650396e057210bcc8f0898d45e30e1bb', 305972, 6),
('350d0f481cb04678a742a521b005a26d650396e057210bcc8f0898d45e30e1bb', 708717, 7),
('350d0f481cb04678a742a521b005a26d650396e057210bcc8f0898d45e30e1bb', 327357, 8),
('52e38f18cc0b2707939a0a053bd85b39cb69f8cc926442a3be597f07e26b4de8', 827842, 1),
('52e38f18cc0b2707939a0a053bd85b39cb69f8cc926442a3be597f07e26b4de8', 638336, 2),
('52e38f18cc0b2707939a0a053bd85b39cb69f8cc926442a3be597f07e26b4de8', 695810, 3),
('52e38f18cc0b2707939a0a053bd85b39cb69f8cc926442a3be597f07e26b4de8', 846206, 4),
('52e38f18cc0b2707939a0a053bd85b39cb69f8cc926442a3be597f07e26b4de8', 706455, 5),
('52e38f18cc0b2707939a0a053bd85b39cb69f8cc926442a3be597f07e26b4de8', 305972, 6),
('52e38f18cc0b2707939a0a053bd85b39cb69f8cc926442a3be597f07e26b4de8', 186663, 7),
('52e38f18cc0b2707939a0a053bd85b39cb69f8cc926442a3be597f07e26b4de8', 910209, 8),
('8a02b16ee0b1ffb25ad3c7709558df036a13e771cb32450583e134f0aa512066', 846605, 1),
('8a02b16ee0b1ffb25ad3c7709558df036a13e771cb32450583e134f0aa512066', 638336, 2),
('8a02b16ee0b1ffb25ad3c7709558df036a13e771cb32450583e134f0aa512066', 192914, 3),
('8a02b16ee0b1ffb25ad3c7709558df036a13e771cb32450583e134f0aa512066', 214641, 4),
('8a02b16ee0b1ffb25ad3c7709558df036a13e771cb32450583e134f0aa512066', 154686, 5),
('8a02b16ee0b1ffb25ad3c7709558df036a13e771cb32450583e134f0aa512066', 282864, 6),
('8a02b16ee0b1ffb25ad3c7709558df036a13e771cb32450583e134f0aa512066', 708717, 7),
('8a02b16ee0b1ffb25ad3c7709558df036a13e771cb32450583e134f0aa512066', 910209, 8),
('0ababb450f7944e83f826f5a6199ef2f23f4f1dbda82042121dc376a21d8707a', 832989, 1),
('0ababb450f7944e83f826f5a6199ef2f23f4f1dbda82042121dc376a21d8707a', 638336, 2),
('0ababb450f7944e83f826f5a6199ef2f23f4f1dbda82042121dc376a21d8707a', 574635, 3),
('0ababb450f7944e83f826f5a6199ef2f23f4f1dbda82042121dc376a21d8707a', 846206, 4),
('0ababb450f7944e83f826f5a6199ef2f23f4f1dbda82042121dc376a21d8707a', 262313, 5),
('0ababb450f7944e83f826f5a6199ef2f23f4f1dbda82042121dc376a21d8707a', 282864, 6),
('0ababb450f7944e83f826f5a6199ef2f23f4f1dbda82042121dc376a21d8707a', 186663, 7),
('0ababb450f7944e83f826f5a6199ef2f23f4f1dbda82042121dc376a21d8707a', 774121, 8),
('5fd414a60fc20e744713e2dfe8522863ab21f473e4008821734d7131d9078b58', 714660, 1),
('5fd414a60fc20e744713e2dfe8522863ab21f473e4008821734d7131d9078b58', 472042, 2),
('5fd414a60fc20e744713e2dfe8522863ab21f473e4008821734d7131d9078b58', 695810, 3),
('5fd414a60fc20e744713e2dfe8522863ab21f473e4008821734d7131d9078b58', 846206, 4),
('5fd414a60fc20e744713e2dfe8522863ab21f473e4008821734d7131d9078b58', 262313, 5),
('5fd414a60fc20e744713e2dfe8522863ab21f473e4008821734d7131d9078b58', 305972, 6),
('5fd414a60fc20e744713e2dfe8522863ab21f473e4008821734d7131d9078b58', 271453, 7),
('5fd414a60fc20e744713e2dfe8522863ab21f473e4008821734d7131d9078b58', 327357, 8),
('80034f39d43f9e3869b48f1cbe264459bca46a814ee7d934bad0f7328e57068e', 688539, 1),
('80034f39d43f9e3869b48f1cbe264459bca46a814ee7d934bad0f7328e57068e', 285653, 2),
('80034f39d43f9e3869b48f1cbe264459bca46a814ee7d934bad0f7328e57068e', 695810, 3),
('80034f39d43f9e3869b48f1cbe264459bca46a814ee7d934bad0f7328e57068e', 846206, 4),
('80034f39d43f9e3869b48f1cbe264459bca46a814ee7d934bad0f7328e57068e', 706455, 5),
('80034f39d43f9e3869b48f1cbe264459bca46a814ee7d934bad0f7328e57068e', 937989, 6),
('80034f39d43f9e3869b48f1cbe264459bca46a814ee7d934bad0f7328e57068e', 708717, 7),
('80034f39d43f9e3869b48f1cbe264459bca46a814ee7d934bad0f7328e57068e', 327357, 8);

--
-- Indexes for dumped tables
--

--
-- Indexes for table `contestants`
--
ALTER TABLE `contestants`
  ADD KEY `contestantCourse` (`contestantCourse`),
  ADD KEY `contestantRegistrationNumber` (`contestantRegistrationNumber`),
  ADD KEY `contestantCourse_2` (`contestantCourse`),
  ADD KEY `contestantPost` (`contestantPost`);

--
-- Indexes for table `courses`
--
ALTER TABLE `courses`
  ADD PRIMARY KEY (`course_code`),
  ADD KEY `course_code` (`course_code`),
  ADD KEY `course_code_2` (`course_code`);

--
-- Indexes for table `registeredStudents`
--
ALTER TABLE `registeredStudents`
  ADD PRIMARY KEY (`id`);

--
-- Indexes for table `representativePosts`
--
ALTER TABLE `representativePosts`
  ADD PRIMARY KEY (`id`),
  ADD KEY `level` (`level`),
  ADD KEY `id` (`id`),
  ADD KEY `post_title` (`post_title`);

--
-- Indexes for table `results`
--
ALTER TABLE `results`
  ADD KEY `contestant` (`contestant`);

--
-- Indexes for table `votes`
--
ALTER TABLE `votes`
  ADD KEY `student_id` (`student_id`),
  ADD KEY `contestant_id` (`contestant_id`),
  ADD KEY `post_id` (`post_id`);

--
-- AUTO_INCREMENT for dumped tables
--

--
-- AUTO_INCREMENT for table `courses`
--
ALTER TABLE `courses`
  MODIFY `course_code` int(100) NOT NULL AUTO_INCREMENT, AUTO_INCREMENT=37;
--
-- AUTO_INCREMENT for table `registeredStudents`
--
ALTER TABLE `registeredStudents`
  MODIFY `id` int(100) NOT NULL AUTO_INCREMENT, AUTO_INCREMENT=1003;
--
-- AUTO_INCREMENT for table `representativePosts`
--
ALTER TABLE `representativePosts`
  MODIFY `id` int(11) NOT NULL AUTO_INCREMENT, AUTO_INCREMENT=9;
--
-- Constraints for dumped tables
--

--
-- Constraints for table `contestants`
--
ALTER TABLE `contestants`
  ADD CONSTRAINT `contestants_ibfk_1` FOREIGN KEY (`contestantCourse`) REFERENCES `courses` (`course_code`) ON DELETE CASCADE ON UPDATE CASCADE;

/*!40101 SET CHARACTER_SET_CLIENT=@OLD_CHARACTER_SET_CLIENT */;
/*!40101 SET CHARACTER_SET_RESULTS=@OLD_CHARACTER_SET_RESULTS */;
/*!40101 SET COLLATION_CONNECTION=@OLD_COLLATION_CONNECTION */;
